hid,PT,AU,BA,BE,GP,AF,BF,CA,TI,SO,SE,BS,LA,DT,CT,CY,CL,SP,HO,DE,ID,AB,C1,RP,EM,RI,OI,FU,FX,CR,NR,TC,Z9,U1,U2,PU,PI,PA,SN,EI,BN,J9,JI,PD,PY,VL,wosIS,PN,SU,SI,MA,BP,EP,AR,DI,D2,EA,PG,WC,SC,GA,UT,PM,OA,HC,HP,DA
6004,J,"['GRONWALL, DMA']",NULL,NULL,NULL,"['GRONWALL, DMA']",NULL,NULL,"PACED AUDITORY SERIAL-ADDITION TASK - MEASURE OF RECOVERY FROM CONCUSSION","PERCEPTUAL AND MOTOR SKILLS",NULL,NULL,English,Article,NULL,NULL,NULL,NULL,NULL,NULL,NULL,NULL,"AUCKLAND HOSP,DEPT NEUROSURG,AUCKLAND,NEW ZEALAND",NULL,NULL,NULL,NULL,NULL,NULL,"['AKERLUND E, 1953, ACTA CHIR SCAND S174', 'CAIRNS H, 1942, P ROY SOC MED, V35, P299', 'GRONWALL D, 1974, LANCET, P605', 'GRONWALL D, 1974, PSYCHOLOGICAL EFFECT', 'GRONWALL D, 1975, LANCET          1122, P995', 'GRONWALL DMA, IN PRESS', 'Landy P J, 1968, Proc Aust Assoc Neurol, V5, P463', 'LIDVALL HF, 1974, ACTA NEUROL SCAN S56, V50', 'MILLER H, 1966, P ROY SOC MED, V59, P257, DOI 10.1177/003591576605900327', 'SAMPSON H, 1961, AUST J PSYCHOL, V13, P185, DOI 10.1080/00049536108256002']",10,1654,1665,0,77,"PERCEPTUAL MOTOR SKILLS",MISSOULA,"PO BOX 9229, MISSOULA, MT 59807",0031-5125,NULL,NULL,"PERCEPT MOTOR SKILL","Percept. Mot. Skills",NULL,1977,44,2,NULL,NULL,NULL,NULL,367,373,NULL,10.2466/pms.1977.44.2.367,NULL,NULL,7,"['Psychology, Experimental']","['Psychology']",DD984,WOS:A1977DD98400006,866038,NULL,NULL,NULL,2021-06-18
6050,J,"['OMMAYA, AK', 'GENNARELLI, TA']",NULL,NULL,NULL,"['OMMAYA, AK', 'GENNARELLI, TA']",NULL,NULL,"CEREBRAL CONCUSSION AND TRAUMATIC UNCONSCIOUSNESS - CORRELATION OF EXPERIMENTAL AND CLINICAL OBSERVATIONS ON BLUNT HEAD-INJURIES",BRAIN,NULL,NULL,English,Article,NULL,NULL,NULL,NULL,NULL,NULL,NULL,NULL,"DEPT HEW, NINDS, SECT APPL RES, BETHESDA, MD 20014 USA; GEORGETOWN UNIV, SCH MED,DEPT SURG,DIV NEUROSURG,3800 RESERVOIR RD, WASHINGTON, DC 20007 USA",NULL,NULL,NULL,NULL,NULL,NULL,"['ADVANI SH, 1972, SHOCK VIBRATION DIGE, V4, P3', 'AMBROSE J, 1973, BRIT J RADIOL, V46, P148', 'BRACKETT CE, 1971, HEAD INJURIES, P255', 'BRUCE DA, 1973, J NEUROSURG, V38, P131, DOI 10.3171/jns.1973.38.2.0131', 'BYCROFT GN, 1973, J BIOMECH, V6, P487, DOI 10.1016/0021-9290(73)90007-9', 'COHEN LB, 1973, PHYSIOL REV, V53, P373', 'Congress of Neurological Surgeon, 1966, CLIN NEUROSURG, V12, P386', 'Denny-Brown D, 1941, BRAIN, V64, P93, DOI 10.1093/brain/64.2-3.93', 'DENNYBROWN D, 1961, ARCH NEUROL-CHICAGO, V5, P1', 'FISHER CM, 1966, NEUROLOGY, V16, P826, DOI 10.1212/WNL.16.8.826', 'Gennarelli T. A., 1972, 16 STAPP CAR CRASH C, P296', 'GENNARELLI TA, 1975, EXPTL HEAD TRAUMA', 'GENNARELLI TA, 1971, 15TH P STAPP CAR CRA, P797', 'GENNARELLI TA, IN PRESS', 'GOLDSMITH W, 1970, BIOMECHANICS ITS FDN, P585', 'GRAY JAB, 1954, J PHYSIOL-LONDON, V124, P84, DOI 10.1113/jphysiol.1954.sp005087', 'GRCEVIC N, 1965, LATE SEQUELAE HEAD I, P369', 'Gurdjian ES, 1966, CLIN NEUROSURG, V12, P112', 'HAYASHI T, 1970, J FAC ENGNG TOKYO U, V30, P4', 'HIRSCH AE, 1972, J NEUROSURG, V37, P95, DOI 10.3171/jns.1972.37.1.0095', 'Holbourn AHS, 1943, LANCET, V2, P438', 'HOLBOURN AHS, 1969, LATE EFFECTS HEAD IN, P509', 'HOOPER RS, 1969, PATTERNS ACUTE HEAD', 'JENNETT B, 1972, LANCET, V1, P734', 'JOSEPH PD, 1971, BRAIN RES, V26, P15', 'LETCHER FS, 1973, J NEUROSURG, V39, P167, DOI 10.3171/jns.1973.39.2.0167', 'LEWIN W, 1966, MANAGEMENT HEAD INJU', 'LINDGREN SO, 1966, ACTA CHIR SCAND S360', 'MEINIG G, 1973, INTRACRANIAL PRESSUR, P79', 'MITCHELL DE, 1973, LANCET, V2, P215', 'NAKATANI S, 1973, INTRACRANIAL PRESSUR, P144', 'Ommaya A, 1967, 11 P STAPP CAR CRASH, P47', 'Ommaya A, 1966, 10 P STAPP CAR CRASH, P197', 'Ommaya A K, 1966, Ann R Coll Surg Engl, V39, P317', 'OMMAYA A K, 1963, Med Ann Dist Columbia, V32, P18', 'Ommaya A K, 1973, Surg Neurol, V1, P217', 'OMMAYA AK, 1964, J NEUROSURG, V21, P249, DOI 10.3171/jns.1964.21.4.0249', 'OMMAYA AK, 1968, J AMER MED ASSOC, V204, P285, DOI 10.1001/jama.204.4.285', 'OMMAYA AK, 1971, J NEUROSURG, V35, P503, DOI 10.3171/jns.1971.35.5.0503', 'OMMAYA AK, 1971, J BIOMECH, V4, P13, DOI 10.1016/0021-9290(71)90011-X', 'OMMAYA AK, 1972, CONFIN NEUROL, V34, P398', 'OMMAYA AK, 1969, LANCET, V2, P237', 'OMMAYA AK, 1973, J NEUROSURG, V39, P152, DOI 10.3171/jns.1973.39.2.0152', 'OMMAYA AK, 1966, SCIENCE, V153, P211, DOI 10.1126/science.153.3732.211', 'Ommaya AK, 1968, J BIOMECH', 'OMMAYA AK, 1970, ACCIDENT PATHOLOGY, P160', 'OMMAYA AK, 1973, P AM ASSOCIATION NEU', 'OMMAYA AK, 1972, CISTERNOGRAPHY HYDRO, P57', 'OVERGAARD J, 1973, LANCET, V2, P631', 'PARSONS LC, 1969, EXCERPTA MEDICA  193, P70', 'PETIT JL, 1944, MALADIE OS MALADIES', 'PUDENZ RH, 1946, J NEUROSURG, V3, P487, DOI 10.3171/jns.1946.3.6.0487', 'RUSSELL WR, 1949, J NEUROL NEUROSUR PS, V12, P52, DOI 10.1136/jnnp.12.1.52', 'STRICH SJ, 1969, LATE EFFECTS HEAD IN, P501', 'SYMONDS C, 1962, LANCET, V1, P1', 'TORRES F, 1961, ARCH NEUROL-CHICAGO, V5, P28, DOI 10.1001/archneur.1961.00450130030005', 'UNTERHARNSCHEID.F, 1969, LATE EFFECTS HEAD IN, P158', 'UNTERHARNSCHEID.F, 1966, HEAD INJURY C P, P321', 'WALKER AE, 1973, NEUROLOGICAL SURGERY, V2, P936', 'WARD AA, 1966, CLIN NEUROSURG, V12, P95', 'Wiener N., 1971, CYBERNETICS CONTROL', 'WINDLE WF, 1945, ANAT REC, V93, P201, DOI 10.1002/ar.1090930210', 'YARNELL PR, 1973, NEUROLOGY, V23, P196, DOI 10.1212/WNL.23.2.196', 'YARNELL PR, 1970, LANCET, V1, P863', 'ZULCH KJ, 1969, B SOC SCI MED LUX, V106, P153']",65,710,714,0,41,"OXFORD UNIV PRESS",OXFORD,"GREAT CLARENDON ST, OXFORD OX2 6DP, ENGLAND",0006-8950,1460-2156,NULL,BRAIN,Brain,NULL,1974,97,DEC,NULL,NULL,NULL,NULL,633,+,NULL,10.1093/brain/97.1.633,NULL,NULL,1,"['Clinical Neurology', 'Neurosciences']","['Neurosciences & Neurology']",V1494,WOS:A1974V149400002,4215541,NULL,NULL,NULL,2021-06-18
6264,J,"['GRONWALL, D', 'WRIGHTSON, P']",NULL,NULL,NULL,"['GRONWALL, D', 'WRIGHTSON, P']",NULL,NULL,"CUMULATIVE EFFECT OF CONCUSSION",LANCET,NULL,NULL,English,Article,NULL,NULL,NULL,NULL,NULL,NULL,NULL,NULL,"AUCKLAND HOSP,DEPT NEUROSURG,PK RD,AUCKLAND 3,NEW ZEALAND",NULL,NULL,NULL,NULL,NULL,NULL,"['GRONWALL D, 1974, LANCET, V2, P605', 'GRONWALL D, 1974, PSYCHOLOGICAL EFFECT', 'HEISKANEN O, 1970, ACTA NEUROL SCAND, V46, P343, DOI 10.1111/j.1600-0404.1970.tb05798.x', 'KIRK RE, 1969, EXPTL DESIGN PROCEDU', 'Roberts AH., 1969, BRAIN DAMAGE BOXERS', 'Siegel S., 1956, NONPARAMETRIC STAT B', 'SNEDECOR GW, 1952, STATISTICAL METHODS']",7,321,321,0,20,"LANCET LTD",LONDON,"42 BEDFORD SQUARE, LONDON, ENGLAND WC1B 3SL",0140-6736,NULL,NULL,LANCET,Lancet,NULL,1975,2,7943,NULL,NULL,NULL,NULL,995,997,NULL,NULL,NULL,NULL,3,"['Medicine, General & Internal']","['General & Internal Medicine']",AW974,WOS:A1975AW97400001,53547,NULL,NULL,NULL,2021-06-18
6365,J,"['RUTHERFORD, WH', 'MERRETT, JD', 'MCDONALD, JR']",NULL,NULL,NULL,"['RUTHERFORD, WH', 'MERRETT, JD', 'MCDONALD, JR']",NULL,NULL,"SYMPTOMS AT ONE YEAR FOLLOWING CONCUSSION FROM MINOR HEAD-INJURIES","INJURY-INTERNATIONAL JOURNAL OF THE CARE OF THE INJURED",NULL,NULL,English,Article,NULL,NULL,NULL,NULL,NULL,NULL,NULL,NULL,"QUEENS UNIV BELFAST,DEPT MED STAT,BELFAST BT7 1NN,ANTRIM,NORTH IRELAND","RUTHERFORD, WH (corresponding author), ROYAL VICTORIA HOSP,DEPT ACCIDENT & EMERGENCY,BELFAST BT12 6BA,ANTRIM,NORTH IRELAND.",NULL,NULL,NULL,NULL,NULL,"['KELLY R, 1975, Forensic Science, V6, P17, DOI 10.1016/0300-9432(75)90219-8', 'Kelly R., 1972, PAHLAVI MED J, V3, P530', 'LIDVALL HF, 1974, ACTA NEUROL SCAN S56, V50', 'MILLER H, 1961, BRIT MED J, V1, P919, DOI 10.1136/bmj.1.5230.919', 'OPPENHEIMER RD, 1968, J NEUROL NEUROSURG P, V4, P229', 'RUTHERFORD WH, 1977, LANCET, V1, P1']",6,278,278,1,11,"ELSEVIER SCI LTD",OXFORD,"THE BOULEVARD, LANGFORD LANE, KIDLINGTON, OXFORD, OXON, ENGLAND OX5 1GB",0020-1383,NULL,NULL,INJURY,"Injury-Int. J. Care Inj.",NULL,1979,10,3,NULL,NULL,NULL,NULL,225,230,NULL,10.1016/0020-1383(79)90015-9,NULL,NULL,6,"['Critical Care Medicine', 'Emergency Medicine', 'Orthopedics', 'Surgery']","['General & Internal Medicine', 'Emergency Medicine', 'Orthopedics', 'Surgery']",GL352,WOS:A1979GL35200014,759371,NULL,NULL,NULL,2021-06-18
6430,J,"['LEVIN, HS', 'GROSSMAN, RG', 'ROSE, JE', 'TEASDALE, G']",NULL,NULL,NULL,"['LEVIN, HS', 'GROSSMAN, RG', 'ROSE, JE', 'TEASDALE, G']",NULL,NULL,"LONG-TERM NEUROPSYCHOLOGICAL OUTCOME OF CLOSED HEAD-INJURY","JOURNAL OF NEUROSURGERY",NULL,NULL,English,Article,NULL,NULL,NULL,NULL,NULL,NULL,NULL,NULL,NULL,"LEVIN, HS (corresponding author), UNIV TEXAS,MED BRANCH,DEPT NEUROSURG,GALVESTON,TX 77550, USA.",NULL,NULL,NULL,NULL,NULL,"['ADAMS JH, 1977, BRAIN, V100, P489, DOI 10.1093/brain/100.3.489', 'BECKER B, 1975, J CLIN PSYCHOL, V31, P307, DOI 10.1002/1097-4679(197504)31:2<307::AID-JCLP2270310231>3.0.CO', '2-Y', 'BECKER DP, 1977, J NEUROSURG, V47, P491, DOI 10.3171/jns.1977.47.4.0491', 'Benton AL, 1967, CORTEX, V3, P32, DOI [10.1016/S0010-9452(67)80005-4, DOI 10.1016/S0010-9452(67)80005-4]', 'BUSCHKE H, 1974, NEUROLOGY, V24, P1019, DOI 10.1212/WNL.24.11.1019', 'DIKMEN S, 1977, ANN NEUROL, V2, P429', 'JENNETT B, 1977, J NEUROL NEUROSUR PS, V40, P291, DOI 10.1136/jnnp.40.3.291', 'JENNETT B, 1975, LANCET, V1, P480', 'JENNETT B, 1976, LANCET, V1, P1031', 'LANGFITT TW, 1978, J NEUROSURG, V48, P673, DOI 10.3171/jns.1978.48.5.0673', 'LEVIN HS, 1978, ARCH NEUROL-CHICAGO, V35, P720, DOI 10.1001/archneur.1978.00500350024005', 'LEVIN HS, 1977, CORTEX, V13, P119, DOI 10.1016/S0010-9452(77)80003-8', 'LEVIN HS, 1976, J NEUROL NEUROSUR PS, V39, P1062, DOI 10.1136/jnnp.39.11.1062', 'LEVIN HS, CHILDS BRAIN', 'MANDLEBERG IA, 1976, J NEUROL NEUROSUR PS, V39, P1001, DOI 10.1136/jnnp.39.10.1001', 'MANDLEBERG IA, 1975, J NEUROL NEUROSUR PS, V38, P1121, DOI 10.1136/jnnp.38.11.1121', 'OMMAYA AK, 1974, BRAIN, V97, P633, DOI 10.1093/brain/97.1.633', 'OVERALL JE, 1962, PSYCHOL REP, V10, P799', 'OVERGAARD J, 1973, LANCET, V2, P631', 'SPREEN O, 1969, MANUAL NEUROSENSORY', 'TEASDALE G, 1974, LANCET, V2, P81']",21,257,260,0,4,"AMER ASSOC NEUROLOGICAL SURGEONS",CHARLOTTESVILLE,"UNIV VIRGINIA, 1224 WEST MAIN ST, STE 450, CHARLOTTESVILLE, VA 22903",0022-3085,NULL,NULL,"J NEUROSURG","J. Neurosurg.",NULL,1979,50,4,NULL,NULL,NULL,NULL,412,422,NULL,10.3171/jns.1979.50.4.0412,NULL,NULL,11,"['Clinical Neurology', 'Surgery']","['Neurosciences & Neurology', 'Surgery']",GP863,WOS:A1979GP86300001,311378,NULL,NULL,NULL,2021-06-18
6458,J,"['OVERGAARD, J', 'TWEED, WA']",NULL,NULL,NULL,"['OVERGAARD, J', 'TWEED, WA']",NULL,NULL,"CEREBRAL-CIRCULATION AFTER HEAD-INJURY .1. CEREBRAL BLOOD-FLOW AND ITS REGULATION AFTER CLOSED HEAD-INJURY WITH EMPHASIS ON CLINICAL CORRELATIONS","JOURNAL OF NEUROSURGERY",NULL,NULL,English,Article,NULL,NULL,NULL,NULL,NULL,NULL,NULL,NULL,"ODENSE UNIV HOSP, NEUROSURG DEPT, ODENSE, DENMARK; HLTH SCI CTR GEN, DEPT ANESTHESIA, 700 WILLIAM AVE, WINNIPEG, MANITOBA, CANADA",NULL,NULL,NULL,NULL,NULL,NULL,"['AMES A, 1968, AM J PATHOL, V52, P437', 'BOYSEN G, 1973, ACTA NEUROL SCAND, V49, P1', 'BRODERSEN P, PERSONAL COMMUNICATI', 'BRUCE DA, 1973, J NEUROSURG, V38, P131, DOI 10.3171/jns.1973.38.2.0131', 'BUXTON RL, 1970, LANCET, V2, P498', 'CROCKARD HA, 1972, EUR NEUROL, V8, P151, DOI 10.1159/000114569', 'FIESCHI C, 1972, EUR NEUROL, V8, P192, DOI 10.1159/000114577', 'JENNETT B, 1973, VASCULAR DIS, P163', 'KASOFF SS, 1972, J NEUROSURG, V36, P463, DOI 10.3171/jns.1972.36.4.0463', 'LASSEN NA, 1966, LANCET, V2, P1113, DOI 10.1016/S0140-6736(66)92199-4', 'LUNDBERG N, 1960, Acta Psychiatr Scand Suppl, V36, P1', 'MARSHALL WJ, 1969, ARCH NEUROL-CHICAGO, V21, P545, DOI 10.1001/archneur.1969.00480170117012', 'NILSSON L, 1971, ACTA NEUROL SCAND, V47, P233, DOI 10.1111/j.1600-0404.1971.tb07479.x', 'OLESEN J, 1973, ARCH NEUROL-CHICAGO, V28, P143, DOI 10.1001/archneur.1973.00490210023001', 'Olesen J, 1971, STROKE, V2, P519, DOI 10.1161/01.STR.2.6.519', 'OVERGAARD J, 1973, LANCET, V2, P631', 'PAULSON OB, 1972, NEUROLOGY, V22, P286, DOI 10.1212/WNL.22.3.286', 'Ransohoff J, 1972, STEROIDS BRAIN EDEMA, P211', 'STRANDGAARD S, 1973, BMJ-BRIT MED J, V1, P507, DOI 10.1136/bmj.1.5852.507', 'TROUPP H, 1971, ACTA NEUROCHIR, V25, P189, DOI 10.1007/BF01809100', 'TROUPP H, 1972, INTRACRANIAL PRESSUR, P222', 'TWEED WA, 1973, STROKE, V4, P348', 'Zwetnow N, 1968, SCAND J CLIN LA S102']",23,250,250,0,2,"AMER ASSOC NEUROLOGICAL SURGEONS","ROLLING MEADOWS","5550 MEADOWBROOK DRIVE, ROLLING MEADOWS, IL 60008 USA",0022-3085,1933-0693,NULL,"J NEUROSURG","J. Neurosurg.",NULL,1974,41,5,NULL,NULL,NULL,NULL,531,541,NULL,10.3171/jns.1974.41.5.0531,NULL,NULL,11,"['Clinical Neurology', 'Surgery']","['Neurosciences & Neurology', 'Surgery']",U6110,WOS:A1974U611000002,4418221,NULL,NULL,NULL,2021-06-18
22575,J,"['RUTHERFORD, WH', 'MERRETT, JD', 'MCDONALD, JR']",NULL,NULL,NULL,"['RUTHERFORD, WH', 'MERRETT, JD', 'MCDONALD, JR']",NULL,NULL,"SEQUELAE OF CONCUSSION CAUSED BY MINOR HEAD-INJURIES",LANCET,NULL,NULL,English,Article,NULL,NULL,NULL,NULL,NULL,NULL,NULL,NULL,"QUEENS UNIV BELFAST,DEPT ACCIDENT & EMERGENCY,BELFAST BT7 1NN,NORTH IRELAND; QUEENS UNIV BELFAST,DEPT MED STATISTICS,BELFAST BT7 1NN,NORTH IRELAND",NULL,NULL,NULL,NULL,NULL,NULL,"['GRONWALL, 1974, LANCET, V2, P605', 'KAY DWK, 1971, LANCET, V2, P1092', 'LEWIN W, 1968, BMJ-BRIT MED J, V1, P465, DOI 10.1136/bmj.1.5590.465', 'LIDVALL HF, 1974, ACTA NEUROL SCAN S56, V50', 'MILLER H, 1961, BRIT MED J, V1, P919, DOI 10.1136/bmj.1.5230.919', 'MILLER H, 1966, P ROY SOC MED, V59, P257, DOI 10.1177/003591576605900327', 'STEADMAN JH, 1970, P ROY SOC MED, V63, P23, DOI 10.1177/003591577006300109', 'TAYLOR AR, 1967, BRIT MED J, V3, P67, DOI 10.1136/bmj.3.5557.67']",8,220,220,0,5,"LANCET LTD",LONDON,"42 BEDFORD SQUARE, LONDON, ENGLAND WC1B 3SL",0140-6736,NULL,NULL,LANCET,Lancet,NULL,1977,1,8001,NULL,NULL,NULL,NULL,1,4,NULL,NULL,NULL,NULL,4,"['Medicine, General & Internal']","['General & Internal Medicine']",CQ936,WOS:A1977CQ93600001,63653,NULL,NULL,NULL,2021-06-18
22670,J,"['ODDY, M', 'HUMPHREY, M', 'UTTLEY, D']",NULL,NULL,NULL,"['ODDY, M', 'HUMPHREY, M', 'UTTLEY, D']",NULL,NULL,"SUBJECTIVE IMPAIRMENT AND SOCIAL RECOVERY AFTER CLOSED HEAD-INJURY","JOURNAL OF NEUROLOGY NEUROSURGERY AND PSYCHIATRY",NULL,NULL,English,Article,NULL,NULL,NULL,NULL,NULL,NULL,NULL,NULL,"ST GEORGES HOSP,SCH MED,DEPT PSYCHOL,LONDON SW27 0RE,ENGLAND; ATKINSON MORLEYS HOSP,DEPT NEUROSURG,LONDON SW20,ENGLAND",NULL,NULL,NULL,NULL,NULL,NULL,"['BOND MR, 1976, SCAND J REHABIL MED, V8, P127', 'BOND MR, 1975, OUTCOME SEVERE DAMAG, P141', 'Bruckner F E, 1972, Rheumatol Phys Med, V11, P344, DOI 10.1093/rheumatology/11.7.344', 'CARLSSON CA, 1968, J NEUROSURG, V29, P242, DOI 10.3171/jns.1968.29.3.0242', 'FAHY TJ, 1967, LANCET, V2, P475', 'FIELD JH, 1976, EPIDEMIOLOGY HEAD IN', 'GERSTENBRAND F, 1969, LATE EFFECTS HEAD IN', 'Gjone R, 1972, Scand J Rehabil Med, V4, P2', 'HPAY H, 1971, P INT S HEAD INJURIE', 'KATZ MM, 1963, PSYCHOL REP, V13, P503, DOI 10.2466/pr0.1963.13.2.503', 'LECUIRE J, 1971, P INT S HEAD INJURIE', 'LEWIN W, 1968, BMJ-BRIT MED J, V1, P465, DOI 10.1136/bmj.1.5590.465', 'LONDON P S, 1967, Annals of the Royal College of Surgeons of England, V41, P460', 'MANDLEBERG IA, 1975, J NEUROL NEUROSUR PS, V38, P1121, DOI 10.1136/jnnp.38.11.1121', 'RICHARDSON J, 1971, P INT S HEAD INJURIE', 'ROWBOTHAM GF, 1954, BRIT MED J, V1, P726, DOI 10.1136/bmj.1.4864.726', 'RUSSELL WR, 1971, TRAUMATIC AMNESIAS, P32', 'SNAITH RP, 1971, PSYCHOL MED, V1, P143, DOI 10.1017/S0033291700000064', 'STEADMAN JH, 1970, P ROY SOC MED, V63, P23, DOI 10.1177/003591577006300109', 'Weissman MM, 1974, DEPRESSED WOMAN STUD', 'WILKINSON MI, 1969, P ROY SOC MED, V62, P541, DOI 10.1177/003591576906200605']",21,205,205,0,4,"BRITISH MED JOURNAL PUBL GROUP",LONDON,"BRITISH MED ASSOC HOUSE, TAVISTOCK SQUARE, LONDON, ENGLAND WC1H 9JR",0022-3050,NULL,NULL,"J NEUROL NEUROSUR PS","J. Neurol. Neurosurg. Psychiatry",NULL,1978,41,7,NULL,NULL,NULL,NULL,611,616,NULL,10.1136/jnnp.41.7.611,NULL,NULL,6,"['Clinical Neurology', 'Psychiatry', 'Surgery']","['Neurosciences & Neurology', 'Psychiatry', 'Surgery']",FH823,WOS:A1978FH82300006,690638,"Green Published, Bronze",NULL,NULL,2021-06-18
22705,J,"['CROMPTON, MR']",NULL,NULL,NULL,"['CROMPTON, MR']",NULL,NULL,"HYPOTHALAMIC LESIONS FOLLOWING CLOSED HEAD INJURY",BRAIN,NULL,NULL,English,Article,NULL,NULL,NULL,NULL,NULL,NULL,NULL,NULL,NULL,NULL,NULL,NULL,NULL,NULL,NULL,"['CROMPTON MR, 1963, BRAIN, V86, P301, DOI 10.1093/brain/86.2.301', 'Daniel PM, 1961, MOD TRENDS ENDOCR, P55', 'GRASCHENKOV NI, 1965, EXCERPTA MEDICA I 93, P78', 'Henzi H, 1952, MON PSYCHIATR NEUROL, V123, P292', 'ISHII S, 1966, HEAD INJURY, P276', 'Lewy FH, 1935, AM J PHYSIOL, V112, P504', 'PORTER RJ, 1946, J NEUROL NEUROSUR PS, V11, P258', 'Rand CW, 1934, ARCH NEURO PSYCHIATR, V31, P527, DOI 10.1001/archneurpsyc.1934.02250030067004', 'Schereschewsky NA, 1927, REV FRANC ENDOCR, V5, P275', 'STRICH SJ, 1961, LANCET, V2, P443', 'WITTER H, 1957, Fortschr Neurol Psychiatr Grenzgeb, V25, P523', 'WOLMAN L, 1956, J PATHOL BACTERIOL, V72, P575, DOI 10.1002/path.1700720225']",12,201,202,0,0,"OXFORD UNIV PRESS",OXFORD,"GREAT CLARENDON ST, OXFORD OX2 6DP, ENGLAND",0006-8950,NULL,NULL,BRAIN,Brain,NULL,1971,94,NULL,NULL,NULL,NULL,NULL,165,&,NULL,10.1093/brain/94.1.165,NULL,NULL,0,"['Clinical Neurology', 'Neurosciences']","['Neurosciences & Neurology']",I9134,WOS:A1971I913400014,5552160,NULL,NULL,NULL,2021-06-18
505,J,"['OMMAYA, AK', 'HIRSCH, AE']",NULL,NULL,NULL,"['OMMAYA, AK', 'HIRSCH, AE']",NULL,NULL,"TOLERANCES FOR CEREBRAL CONCUSSION FROM HEAD IMPACT AND WHIPLASH IN PRIMATES","JOURNAL OF BIOMECHANICS",NULL,NULL,English,Article,NULL,NULL,NULL,NULL,NULL,NULL,NULL,NULL,NULL,NULL,NULL,NULL,NULL,NULL,NULL,"['Ewing C, 1969, 13 STAPP CAR CRASH C, P400', 'FAAS FH, 1968, J NEUROSURG, V28, P137, DOI 10.3171/jns.1968.28.2.0137', 'Hirsch A, 1968, 2876 DEP NAV NAV SHI', 'HOLBOURN AHS, 1943, LANCET, V2, P245', 'KORNHAUSER M, 1954, J APPL MECH-T ASME, V21, P371', 'Ommaya A, 1967, 11 P STAPP CAR CRASH, P47', 'Ommaya A, 1966, 10 P STAPP CAR CRASH, P197', 'OMMAYA AK, 1968, J AMER MED ASSOC, V204, P285, DOI 10.1001/jama.204.4.285', 'OMMAYA AK, 1969, LANCET, V2, P237', 'OMMAYA AK, 1969, J NEUROSURG, V30, P25, DOI 10.3171/jns.1969.30.1.0025', 'OMMAYA AK, 1966, SCIENCE, V153, P211, DOI 10.1126/science.153.3732.211', 'OMMAYA AK, 1970, P INT C ACC PATH WAS']",12,174,180,0,11,"ELSEVIER SCI LTD",OXFORD,"THE BOULEVARD, LANGFORD LANE, KIDLINGTON, OXFORD OX5 1GB, OXON, ENGLAND",0021-9290,NULL,NULL,"J BIOMECH","J. Biomech.",NULL,1971,4,1,NULL,NULL,NULL,NULL,13,&,NULL,10.1016/0021-9290(71)90011-X,NULL,NULL,0,"['Biophysics', 'Engineering, Biomedical']","['Biophysics', 'Engineering']",I6990,WOS:A1971I699000002,5001829,NULL,NULL,NULL,2021-06-18
22917,J,"['LEVIN, HS', 'GROSSMAN, RG']",NULL,NULL,NULL,"['LEVIN, HS', 'GROSSMAN, RG']",NULL,NULL,"BEHAVIORAL SEQUELAE OF CLOSED HEAD-INJURY - QUANTITATIVE STUDY","ARCHIVES OF NEUROLOGY",NULL,NULL,English,Article,NULL,NULL,NULL,NULL,NULL,NULL,NULL,NULL,NULL,"LEVIN, HS (corresponding author), UNIV TEXAS,MED BRANCH,DEPT SURG,DIV NEUROSURG,GALVESTON,TX 77550, USA.",NULL,NULL,NULL,NULL,NULL,"['BENTON AL, 1969, J NEUROL SCI, V9, P39, DOI 10.1016/0022-510X(69)90057-4', 'Bond M R, 1975, Ciba Found Symp, P141', 'FIELD JH, 1975, EPIDEMIOLOGY HEAD IN', 'GRONWALL D, 1976, Proceedings of the Australian Association of Neurologists, V13, P143', 'GRONWALL D, LANCET, V2, P605', 'HILLBOM E, 1951, ACTA PSYCHIAT NEUROL, V60, P36', 'JENNETT B, 1975, LANCET, V1, P480', 'JENNETT B, 1976, J NEUROL NEUROSUR PS, V39, P647, DOI 10.1136/jnnp.39.7.647', 'JENNETT WB, 1969, CURRENT PROBLEMS NEU', 'Kirschbichler T, 1972, Scand J Rehabil Med, V4, P106', 'LEVIN HS, 1976, DIS NERV SYST, V37, P68', 'LEVIN HS, 1976, J NEUROL NEUROSUR PS, V39, P1062, DOI 10.1136/jnnp.39.11.1062', 'LISHMAN WA, 1973, PSYCHOL MED, V3, P304, DOI 10.1017/S003329170004959X', 'MERSKEY H, 1972, BRAIN, V95, P521, DOI 10.1093/brain/95.3.521', 'MILLER H, 1961, BRIT MED J, V1, P919, DOI 10.1136/bmj.1.5230.919', 'MILLER H, 1961, BRIT MED J, V1, P992, DOI 10.1136/bmj.1.5231.992', 'MINTZ J, 1976, ARCH GEN PSYCHIAT, V33, P1183', 'OMMAYA AK, 1974, BRAIN, V97, P633, DOI 10.1093/brain/97.1.633', 'OVERALL JE, 1962, PSYCHOL REP, V10, P799', 'OVERALL JE, 1972, APPLIED MULTIVARIATE', 'PAXSON CL, 1976, PEDIATRICS, V57, P893', 'RUESCH J, 1945, AM J PSYCHIAT, V102, P145, DOI 10.1176/ajp.102.2.145', 'RUTHERFORD WH, 1977, LANCET, V1, P1', 'SPREEN O, 1966, MANUAL NEUROSENSORY', 'TAYLOR AR, 1966, LANCET, V2, P178', 'VANWOERKOM TCAM, 1977, LANCET, V1, P812']",26,180,180,0,2,"AMER MEDICAL ASSOC",CHICAGO,"515 N STATE ST, CHICAGO, IL 60610",0003-9942,NULL,NULL,"ARCH NEUROL-CHICAGO","Arch. Neurol.",NULL,1978,35,11,NULL,NULL,NULL,NULL,720,727,NULL,10.1001/archneur.1978.00500350024005,NULL,NULL,8,"['Clinical Neurology']","['Neurosciences & Neurology']",FV039,WOS:A1978FV03900005,31155,NULL,NULL,NULL,2021-06-18
12287,J,"['VANZOMEREN, AH', 'DEELMAN, BG']",NULL,NULL,NULL,"['VANZOMEREN, AH', 'DEELMAN, BG']",NULL,NULL,"LONG-TERM RECOVERY OF VISUAL REACTION-TIME AFTER CLOSED HEAD-INJURY","JOURNAL OF NEUROLOGY NEUROSURGERY AND PSYCHIATRY",NULL,NULL,English,Article,NULL,NULL,NULL,NULL,NULL,NULL,NULL,NULL,"STATE UNIV GRONINGEN,DEPT NEUROPSYCHOL,GRONINGEN,NETHERLANDS",NULL,NULL,NULL,NULL,NULL,NULL,"['BENTON AL, 1957, J ABNORM SOC PSYCH, V54, P109, DOI 10.1037/h0047176', 'BENTON AL, 1958, CONFIN NEUROL, V19, P247', 'Bruhn P, 1971, Cortex, V7, P278', 'Conover WJ, 1971, PRACTICAL NONPARAMET', 'COSTA LD, 1962, PERCEPT MOTOR SKILL, V14, P391', 'DIMOND S, 1970, Q J EXP PSYCHOL, V22, P513, DOI 10.1080/14640747008401928', 'FITTS PM, 1973, HUMAN PERFORMANCE', 'GRONWALL, 1974, LANCET, V2, P605', 'GRONWALL D, 1974, PSYCHOLOGICAL EFFECT', 'JENNETT B, 1975, LANCET, V1, P480', 'Kahneman D., 1973, ATTENTION EFFORT', 'KLENSCH H, 1973, FORTSCHR NEUROL PSYC, V41, P575', 'Miller E, 1970, Cortex, V6, P121', 'NORRMAN B, 1961, ACTA PSYCHIAT SCAND, V37, P236, DOI 10.1111/j.1600-0447.1961.tb07359.x', 'RUSSELL WR, 1961, ARCH NEUROL-CHICAGO, V5, P4, DOI 10.1001/archneur.1961.00450130006002', 'TEASDALE G, 1974, LANCET, V2, P81', 'VANZOMEREN AH, 1976, CLIN NEUROL NEUROSUR, V79, P81, DOI 10.1016/0303-8467(76)90001-9', 'WINER BJ, 1970, STATISTICAL PRINCIPL']",18,112,113,0,1,"BRITISH MED JOURNAL PUBL GROUP",LONDON,"BRITISH MED ASSOC HOUSE, TAVISTOCK SQUARE, LONDON, ENGLAND WC1H 9JR",0022-3050,NULL,NULL,"J NEUROL NEUROSUR PS","J. Neurol. Neurosurg. Psychiatry",NULL,1978,41,5,NULL,NULL,NULL,NULL,452,457,NULL,10.1136/jnnp.41.5.452,NULL,NULL,6,"['Clinical Neurology', 'Psychiatry', 'Surgery']","['Neurosciences & Neurology', 'Psychiatry', 'Surgery']",EZ315,WOS:A1978EZ31500012,660209,"Bronze, Green Published",NULL,NULL,2021-06-18
20573,J,"['BAKAY, L', 'LEE, JC', 'LEE, GC', 'PENG, JR']",NULL,NULL,NULL,"['BAKAY, L', 'LEE, JC', 'LEE, GC', 'PENG, JR']",NULL,NULL,"EXPERIMENTAL CEREBRAL CONCUSSION .1. ELECTRON-MICROSCOPIC STUDY","JOURNAL OF NEUROSURGERY",NULL,NULL,English,Article,NULL,NULL,NULL,NULL,NULL,NULL,NULL,NULL,"SUNY BUFFALO,CTR CLIN,DEPT NEUROSURG,BUFFALO,NY 14214; SUNY BUFFALO,DEPT ANAT SCI,BUFFALO,NY 14214; SUNY BUFFALO,DEPT CIVIL ENGN,BUFFALO,NY 14214",NULL,NULL,NULL,NULL,NULL,NULL,"['BAKAY L, 1968, BRAIN, V91, P697, DOI 10.1093/brain/91.4.697', 'BAKAY L, 1975, EXP BRAIN RES, V23, P241', 'BRODERSON P, 1975, BRAIN WORK, P269', 'CASSEN B, 1960, AM J PHYSIOL, V198, P1296', 'Denny-Brown D, 1941, BRAIN, V64, P93, DOI 10.1093/brain/64.2-3.93', 'DENNYBROWN D, 1961, ARCH NEUROL-CHICAGO, V5, P1', 'GRONWALL D, 1975, LANCET, V2, P995', 'Gurdjian E S, 1972, Clin Neurosurg, V19, P1', 'HAMBERGER A, 1966, J NEUROPATH EXP NEUR, V25, P68, DOI 10.1097/00005072-196601000-00004', 'OMMAYA AK, 1964, J NEUROSURG, V21, P249, DOI 10.3171/jns.1964.21.4.0249', 'OMMAYA AK, 1974, BRAIN, V97, P633, DOI 10.1093/brain/97.1.633', 'QUADBECK G, 1955, Z NATURFORSCH PT B, V10, P168, DOI 10.1515/znb-1955-0310', 'RINDER L, 1968, ACTA NEUROPATHOL, V11, P201', 'RINDER L, 1968, ACTA NEUROPATHOL, V11, P183', 'ROIZIN L, 1975, J HISTOCHEM CYTOCHEM, V23, P402, DOI 10.1177/23.6.168247', 'WARD AA, 1966, CLIN NEUROSURG, V12, P95', 'YU MC, 1972, ACTA NEUROPATHOL, V22, P222, DOI 10.1007/BF00684525']",17,86,89,0,2,"AMER ASSOC NEUROLOGICAL SURGEONS",CHARLOTTESVILLE,"UNIV VIRGINIA, 1224 WEST MAIN ST, STE 450, CHARLOTTESVILLE, VA 22903",0022-3085,NULL,NULL,"J NEUROSURG","J. Neurosurg.",NULL,1977,47,4,NULL,NULL,NULL,NULL,525,531,NULL,10.3171/jns.1977.47.4.0525,NULL,NULL,7,"['Clinical Neurology', 'Surgery']","['Neurosciences & Neurology', 'Surgery']",DW525,WOS:A1977DW52500004,903805,NULL,NULL,NULL,2021-06-18
20653,J,"['LEECH, PJ', 'PATERSON, A']",NULL,NULL,NULL,"['LEECH, PJ', 'PATERSON, A']",NULL,NULL,"CONSERVATIVE AND OPERATIVE MANAGEMENT FOR CEREBROSPINAL-FLUID LEAKAGE AFTER CLOSED HEAD-INJURY",LANCET,NULL,NULL,English,Article,NULL,NULL,NULL,NULL,NULL,NULL,NULL,NULL,"SO GEN HOSP,INST NEUROL SCI,DIV NEUROSURG,GLASGOW G51 4TF,SCOTLAND",NULL,NULL,NULL,NULL,NULL,NULL,"['ADSON AW, 1948, ARCHS SURG CHICAGO, V58, P623', 'APPELBAUM A, 1960, J AM MED ASS, V173, P1818', 'BRAWLEY BW, 1967, J NEUROSURG, V26, P57, DOI 10.3171/jns.1967.26.1part1.0057', 'CALVERT CA, 1942, P ROY SOC MED, V35, P865', 'Chiari H, 1884, Z HEILK, V5, P383', 'CHOROBSKI J, 1950, J NEUROL NEUROSUR PS, V13, P280, DOI 10.1136/jnnp.13.4.280', 'Dandy WE, 1926, ARCH SURG-CHICAGO, V12, P949, DOI 10.1001/archsurg.1926.01130050003001', 'Dandy WE, 1944, ARCH SURG-CHICAGO, V49, P75, DOI 10.1001/archsurg.1944.01230020080001', 'Gissane W, 1940, BRIT J SURG, V27, P717, DOI 10.1002/bjs.18002710811', 'JEFFERSON A, 1972, BRIT J SURG, V59, P585, DOI 10.1002/bjs.1800590802', 'JENNETT WB, 1970, INTRO NEUROSURGERY', 'Lewin W, 1964, Clin Neurosurg, V12, P237', 'LEWIN W, 1954, BRIT J SURG, V42, P1, DOI 10.1002/bjs.18004217102', 'LEWIN W, 1951, BRIT MED J, V1, P1, DOI 10.1136/bmj.1.4696.1', 'LIST C, 1944, J NEUROSURG, V1, P348', 'MACGEE EE, 1970, J NEUROSURG, V33, P312, DOI 10.3171/jns.1970.33.3.0312', 'MCKENZIE P, 1967, POSTGRAD MED J, VS 43, P142', 'MINCY JE, 1966, J TRAUM, V6, P618, DOI 10.1097/00005373-196609000-00007', 'MORLEY TP, 1957, SURG GYNECOL OBSTET, V104, P88', 'NORTH JB, 1971, BRIT J SURG, V58, P826, DOI 10.1002/bjs.1800581106', 'NORTH JB, 1972, LANCET, V1, P598', 'POTTER JM, 1964, PRACTICAL MANAGEMENT', 'RASKIND R, 1965, J Int Coll Surg, V43, P141', 'Raskind R, 1966, Int Surg, V46, P223', 'TAYLOR J, 1934, T OPHTHAL SOC UK, V54, P312', '1972, LANCET, V1, P134']",26,85,88,0,0,"LANCET LTD",LONDON,"42 BEDFORD SQUARE, LONDON, ENGLAND WC1B 3SL",0140-6736,NULL,NULL,LANCET,Lancet,NULL,1973,1,7811,NULL,NULL,NULL,NULL,1013,1015,NULL,NULL,NULL,NULL,3,"['Medicine, General & Internal']","['General & Internal Medicine']",P6495,WOS:A1973P649500001,4122107,NULL,NULL,NULL,2021-06-18
20652,J,"['LEVIN, HS', 'EISENBERG, HM']",NULL,NULL,NULL,"['LEVIN, HS', 'EISENBERG, HM']",NULL,NULL,"NEUROPSYCHOLOGICAL OUTCOME OF CLOSED HEAD-INJURY IN CHILDREN AND ADOLESCENTS","CHILDS BRAIN",NULL,NULL,English,Article,NULL,NULL,NULL,NULL,NULL,NULL,NULL,NULL,NULL,"LEVIN, HS (corresponding author), UNIV TEXAS,MED BRANCH,DEPT SURG,DIV NEUROSURG,GALVESTON,TX 77550, USA.",NULL,NULL,NULL,NULL,NULL,"['Benton A., 1968, CORTEX, V4, P344, DOI DOI 10.1016/S0010-9452(68)80018-8', 'Benton A., 1959, RIGHT LEFT DISCRIMIN', 'BENTON AL, 1962, ARCH NEUROL-CHICAGO, V7, P347, DOI 10.1001/archneur.1962.04210040099011', 'Benton AL, 1967, CORTEX, V3, P32, DOI [10.1016/S0010-9452(67)80005-4, DOI 10.1016/S0010-9452(67)80005-4]', 'BENTON AL, 1969, STEREOGNOSIS TEST', 'BRINK JD, 1970, DEV MED CHILD NEUROL, V12, P565', 'BUSCHKE H, 1974, J EXP CHILD PSYCHOL, V18, P488, DOI 10.1016/0022-0965(74)90126-X', 'CRAFT AW, 1972, HDB CLIN NEUROLOGY, V23, P445', 'DENCKLA MB, 1973, DEV MED CHILD NEUROL, V15, P635', 'Flach J, 1972, Scand J Rehabil Med, V4, P9', 'HECAEN H, 1976, BRAIN LANG, V3, P114, DOI 10.1016/0093-934X(76)90009-2', 'JENNETT B, 1975, LANCET, V1, P480', 'JENNETT B, 1969, BRIT J PSYCHIAT', 'KLONOFF H, 1977, J NEUROL NEUROSUR PS, V40, P1211, DOI 10.1136/jnnp.40.12.1211', 'Koppitz EM, 1964, BENDER GESTALT TEST', 'LEVIN HS, 1976, CORTEX, V12, P175, DOI 10.1016/S0010-9452(76)80021-4', 'LEVIN HS, 1977, CORTEX, V13, P119, DOI 10.1016/S0010-9452(77)80003-8', 'LEVIN HS, 1976, J NEUROL NEUROSUR PS, V39, P1062, DOI 10.1136/jnnp.39.11.1062', 'LEVIN HS, 1976, J PEDIATR PSYCHOL, V1, P38', 'LEVIN HS, ARCH NEUROL', 'SCHAFFER D, 1975, CIBA F S, V34', 'Spreen O., 1969, CORTEX, V5, P171', 'Spreen O, 1969, NEUROSENSORY CTR COM', 'STOVER SL, 1976, ARCH PHYS MED REHAB, V57, P201', 'TEASDALE G, 1974, LANCET, V2, P81', 'WARRINGT.EK, 1970, NATURE, V228, P628, DOI 10.1038/228628a0']",26,85,85,0,4,KARGER,BASEL,"ALLSCHWILERSTRASSE 10, CH-4009 BASEL, SWITZERLAND",0302-2803,NULL,NULL,"CHILD BRAIN",NULL,NULL,1979,5,3,NULL,NULL,NULL,NULL,281,292,NULL,NULL,NULL,NULL,12,"['Clinical Neurology', 'Neurosciences', 'Pediatrics']","['Neurosciences & Neurology', 'Pediatrics']",GS718,WOS:A1979GS71800011,456104,NULL,NULL,NULL,2021-06-18
20721,J,"['BROOKS, DN']",NULL,NULL,NULL,"['BROOKS, DN']",NULL,NULL,"WECHSLER MEMORY SCALE PERFORMANCE AND ITS RELATIONSHIP TO BRAIN-DAMAGE AFTER SEVERE CLOSED HEAD-INJURY","JOURNAL OF NEUROLOGY NEUROSURGERY AND PSYCHIATRY",NULL,NULL,English,Article,NULL,NULL,NULL,NULL,NULL,NULL,NULL,NULL,"UNIV GLASGOW SO GEN HOSP,DEPT PSYCHOL MED,GLASGOW,SCOTLAND",NULL,NULL,NULL,NULL,NULL,NULL,"['BADDELEY AD, 1970, J VERB LEARN VERB BE, V9, P176, DOI 10.1016/S0022-5371(70)80048-2', 'BOND MR, 1975, OUTCOME SEVERE CNS D', 'BROOKS D N, 1974, Cortex, V10, P224', 'BROOKS DN, 1974, J NEUROL NEUROSUR PS, V37, P794, DOI 10.1136/jnnp.37.7.794', 'BROOKS DN, 1972, J NERV MENT DIS, V155, P350', 'CARLSSON CA, 1968, J NEUROSURG, V29, P242, DOI 10.3171/jns.1968.29.3.0242', 'DENNYBROWN D, 1945, JAMA-J AM MED ASSOC, V127, P429, DOI 10.1001/jama.1945.02860080001001', 'FAHY TJ, 1967, LANCET, V2, P476', 'HPAY H, 1971, HEAD INJURIES', 'KIRK RE, 1968, EXPT DESIGN PROCEDUR, P279', 'Klove H, 1972, Scand J Rehabil Med, V4, P55', 'LEVIN HS, IN PRESS', 'MANDLEBERG IA, 1975, J NEUROL NEUROSUR PS, V38, P1121, DOI 10.1136/jnnp.38.11.1121', 'Ruesch J, 1943, ARCH NEURO PSYCHIATR, V50, P165, DOI 10.1001/archneurpsyc.1943.02290200065005', 'RUSSELL WR, 1971, TRAUMATIC AMNESIAS', 'Talland G.A., 1965, DERANGED MEMORY', 'TOOTH G, 1947, J NEUROL NEUROSUR PS, V10, P1, DOI 10.1136/jnnp.10.1.1', 'Wechsler D, 1945, J PSYCHOL, V19, P87, DOI 10.1080/00223980.1945.9917223', 'WILLIAMS M, 1952, J NEUROL NEUROSUR PS, V15, P54, DOI 10.1136/jnnp.15.1.54']",19,84,84,0,0,"BRITISH MED JOURNAL PUBL GROUP",LONDON,"BRITISH MED ASSOC HOUSE, TAVISTOCK SQUARE, LONDON, ENGLAND WC1H 9JR",0022-3050,NULL,NULL,"J NEUROL NEUROSUR PS","J. Neurol. Neurosurg. Psychiatry",NULL,1976,39,6,NULL,NULL,NULL,NULL,593,601,NULL,10.1136/jnnp.39.6.593,NULL,NULL,9,"['Clinical Neurology', 'Psychiatry', 'Surgery']","['Neurosciences & Neurology', 'Psychiatry', 'Surgery']",BV904,WOS:A1976BV90400013,950571,"Green Published, Bronze",NULL,NULL,2021-06-18
20921,J,"['LEVIN, HS', 'GROSSMAN, RG', 'KELLY, PJ']",NULL,NULL,NULL,"['LEVIN, HS', 'GROSSMAN, RG', 'KELLY, PJ']",NULL,NULL,"APHASIC DISORDER IN PATIENTS WITH CLOSED HEAD-INJURY","JOURNAL OF NEUROLOGY NEUROSURGERY AND PSYCHIATRY",NULL,NULL,English,Article,NULL,NULL,NULL,NULL,NULL,NULL,NULL,NULL,"UNIV TEXAS,MED BRANCH,DIV NEUROSURG,GALVESTON,TX 77550",NULL,NULL,NULL,NULL,NULL,NULL,"['AKBAROVA NA, 1972, ZH NEVOPATOLOGII PSI, V11, P1641', 'Bender L., 1938, VISUAL MOTOR GESTALT', 'Benton A., 1968, CORTEX, V4, P344, DOI DOI 10.1016/S0010-9452(68)80018-8', 'Benton A., 1959, RIGHT LEFT DISCRIMIN', 'BENTON AL, 1964, J NERV MENT DIS, V139, P110, DOI 10.1097/00005053-196408000-00003', 'Benton AL, 1967, CORTEX, V3, P32, DOI [10.1016/S0010-9452(67)80005-4, DOI 10.1016/S0010-9452(67)80005-4]', 'BROOKS DN, 1974, J NEUROL NEUROSUR PS, V37, P794, DOI 10.1136/jnnp.37.7.794', 'HEILMAN KM, 1971, J NEUROL NEUROSUR PS, V34, P265, DOI 10.1136/jnnp.34.3.265', 'LEVIN HS, 1975, J PSYCHOL, V91, P223, DOI 10.1080/00223980.1975.9923946', 'LEVIN HS, 1976, CORTEX, V12, P175, DOI 10.1016/S0010-9452(76)80021-4', 'MORSIER GD, 1973, PSYCHIAT CLIN, V6, P226', 'SPREEN O, 1966, MANUAL NEUROSENSORY']",12,81,81,0,2,"BRITISH MED JOURNAL PUBL GROUP",LONDON,"BRITISH MED ASSOC HOUSE, TAVISTOCK SQUARE, LONDON, ENGLAND WC1H 9JR",0022-3050,NULL,NULL,"J NEUROL NEUROSUR PS","J. Neurol. Neurosurg. Psychiatry",NULL,1976,39,11,NULL,NULL,NULL,NULL,1062,1070,NULL,10.1136/jnnp.39.11.1062,NULL,NULL,9,"['Clinical Neurology', 'Psychiatry', 'Surgery']","['Neurosciences & Neurology', 'Psychiatry', 'Surgery']",CP283,WOS:A1976CP28300004,1011017,"Green Published, Bronze",NULL,NULL,2021-06-18
21350,J,"['POVLISHOCK, JT', 'BECKER, DP', 'MILLER, JD', 'JENKINS, LW', 'DIETRICH, WD']",NULL,NULL,NULL,"['POVLISHOCK, JT', 'BECKER, DP', 'MILLER, JD', 'JENKINS, LW', 'DIETRICH, WD']",NULL,NULL,"MORPHOPATHOLOGIC SUBSTRATES OF CONCUSSION","ACTA NEUROPATHOLOGICA",NULL,NULL,English,Article,NULL,NULL,NULL,NULL,NULL,NULL,NULL,NULL,"MED COLL VIRGINIA,DEPT NEUROL SURG,RICHMOND,VA 23298","POVLISHOCK, JT (corresponding author), MED COLL VIRGINIA,DEPT ANAT,RICHMOND,VA 23298, USA.",NULL,NULL,NULL,"NINDS NIH HHSUnited States Department of Health & Human ServicesNational Institutes of Health (NIH) - USANIH National Institute of Neurological Disorders & Stroke (NINDS) [R01 NS020193] Funding Source: Medline",NULL,"['ADAMS JC, 1976, J COMP NEUROL, V170, P107, DOI 10.1002/cne.901700108', 'ADAMS JH, 1977, BRAIN, V100, P489, DOI 10.1093/brain/100.3.489', 'BASBAUM AI, 1976, P NATL ACAD SCI USA, V73, P4685, DOI 10.1073/pnas.73.12.4685', 'BOWSHER D, 1970, J ANAT, V106, P23', 'BOWSHER D, 1971, BRAIN RES, V28, P443, DOI 10.1016/0006-8993(71)90055-2', 'BROWN WJ, 1972, AM J PATHOL, V67, P41', 'CHASON JL, 1958, J NEUROSURG, V15, P135, DOI 10.3171/jns.1958.15.2.0135', 'CHASON JL, 1966, J TRAUM, V6, P767, DOI 10.1097/00005373-196611000-00008', 'Denny-Brown D, 1941, BRAIN, V64, P93, DOI 10.1093/brain/64.2-3.93', 'FRIEDE RL, 1961, ARCH NEUROL-CHICAGO, V4, P449, DOI 10.1001/archneur.1961.00450100097012', 'GRAHAM RC, 1966, J HISTOCHEM CYTOCHEM, V14, P291, DOI 10.1177/14.4.291', 'GREENBERG RP, 1977, J NEUROSURG, V47, P163, DOI 10.3171/jns.1977.47.2.0163', 'GRIFFITHS IR, 1974, J NEUROL SCI, V22, P291, DOI 10.1016/0022-510X(74)90002-1', 'GROAT RA, 1944, J NEUROSURG, V2, P26', 'KEEFER DA, 1978, BRAIN RES, V140, P15, DOI 10.1016/0006-8993(78)90235-4', 'KLATZO IGOR, 1962, ACTA NEUROPATHOLOGICA, V2, P144', 'LAVAIL JH, 1974, J COMP NEUROL, V157, P303, DOI 10.1002/cne.901570304', 'NYBERGHA.R, 1965, J COMP NEUROL, V124, P71, DOI 10.1002/cne.901240107', 'OLSSON Y, 1970, ACTA NEUROPATHOL, V16, P103, DOI 10.1007/BF00687665', 'OMMAYA AK, 1974, BRAIN, V97, P633, DOI 10.1093/brain/97.1.633', 'PERSSON L, 1976, ACTA NEUROPATHOL, V34, P125, DOI 10.1007/BF00684663', 'POVLISHOCK JT, 1978, BRAIN RES, V153, P223, DOI 10.1016/0006-8993(78)90404-3', 'POVLISHOCK JT, 1978, NEURAL TRAUMA SEMINA, V4', 'RINDER L, 1968, ACTA NEUROPATHOL, V11, P183', 'SASAKI S, 1976, ACTA NEUROPATHOL, V36, P363, DOI 10.1007/BF00699641', 'SEITE R, 1971, BRAIN RES, V34, P277, DOI 10.1016/0006-8993(71)90281-2', 'STRICH SJ, 1956, J NEUROL NEUROSUR PS, V19, P163, DOI 10.1136/jnnp.19.3.163', 'STRICH SJ, 1961, LANCET, V2, P443', 'SULLIVAN HG, 1976, J NEUROSURG, V45, P520, DOI 10.3171/jns.1976.45.5.0520', 'TURNER PT, 1974, BRAIN RES, V74, P305, DOI 10.1016/0006-8993(74)90585-X', 'VANEGAS H, 1978, J COMP NEUROL, V177, P193, DOI 10.1002/cne.901770203', 'WARD AA, 1966, HEAD INJURY C P']",32,76,76,0,1,"SPRINGER VERLAG","NEW YORK","175 FIFTH AVE, NEW YORK, NY 10010",0001-6322,NULL,NULL,"ACTA NEUROPATHOL","Acta Neuropathol.",NULL,1979,47,1,NULL,NULL,NULL,NULL,1,11,NULL,10.1007/BF00698266,NULL,NULL,11,"['Clinical Neurology', 'Neurosciences', 'Pathology']","['Neurosciences & Neurology', 'Pathology']",HB010,WOS:A1979HB01000001,463502,NULL,NULL,NULL,2021-06-18
21854,J,"['CROMPTON, MR']",NULL,NULL,NULL,"['CROMPTON, MR']",NULL,NULL,"BRAINSTEM LESIONS DUE TO CLOSED HEAD INJURY",LANCET,NULL,NULL,English,Article,NULL,NULL,NULL,NULL,NULL,NULL,NULL,NULL,NULL,NULL,NULL,NULL,NULL,NULL,NULL,"['Courville CB, 1945, TRAUMA', 'CROMPTON MR, 1966, LANCET, V2, P938', 'Denny-Brown D, 1941, BRAIN, V64, P93, DOI 10.1093/brain/64.2-3.93', 'FREIDE RL, 1961, ARCH NEUROLOGY, V4, P449', 'FRENCH JD, 1952, AMA ARCH NEUROL PSY, V68, P591, DOI 10.1001/archneurpsyc.1952.02320230017002', 'GRASHENKOV NI, 1965, 3 INT C NEUR SURG, P78', 'GURDJIAN ES, 1968, J NEUROSURG, V29, P70, DOI 10.3171/jns.1968.29.1.0070', 'GURDJIAN ES, 1958, MECHANISMS DIAGNOSIS', 'JEFFERSON G, 1960, SELECTED PATERS, V11, P526', 'OPPENHEIMER DR, 1968, J NEUROL NEUROSUR PS, V31, P229', 'ROSSI GF, 1965, EXCERPTA MED INT  93, P117', 'THOMAS LM, 1966, J NEUROL NEUROSUR PS, V29, P404, DOI 10.1136/jnnp.29.5.404', 'VONGIERKE HE, 1966, HEAD INJURY C P, P383', 'WRIGHT RL, 1966, J NEUROSURG, V25, P402, DOI 10.3171/jns.1966.25.4.0402']",14,71,71,0,1,"LANCET LTD",LONDON,"42 BEDFORD SQUARE, LONDON WC1B 3SL, ENGLAND",0140-6736,NULL,NULL,LANCET,Lancet,NULL,1971,1,7701,NULL,NULL,NULL,NULL,669,&,NULL,NULL,NULL,NULL,0,"['Medicine, General & Internal']","['General & Internal Medicine']",I9695,WOS:A1971I969500003,4101614,NULL,NULL,NULL,2021-06-18
22177,J,"['VANZOMEREN, AH', 'DEELMAN, BG']",NULL,NULL,NULL,"['VANZOMEREN, AH', 'DEELMAN, BG']",NULL,NULL,"DIFFERENTIAL EFFECTS OF SIMPLE AND CHOICE REACTION AFTER CLOSED HEAD-INJURY","CLINICAL NEUROLOGY AND NEUROSURGERY",NULL,NULL,English,Article,NULL,NULL,NULL,NULL,NULL,NULL,NULL,NULL,"STATE UNIV GRONINGEN,DEPT NEUROL,GRONINGEN,NETHERLANDS",NULL,NULL,NULL,NULL,NULL,NULL,"['BENTON AL, 1957, J ABNORM SOC PSYCH, V54, P109, DOI 10.1037/h0047176', 'BLACKBURN H L, 1955, Confin Neurol, V15, P327', 'Bruhn P, 1971, Cortex, V7, P278', 'Carson DH, 1968, CORTEX, V4, P92', 'COSTA LD, 1962, PERCEPT MOTOR SKILL, V14, P391', 'DEE HL, 1972, T AM NEUROLOGICAL AS, V97', 'DERENZI E, 1965, CORTEX, V1, P410', 'Donders F. C., 1868, ONDERZOEKINGEN GEDAA, V2, P92', 'KARP E, 1971, CORTEX, V7, P419', 'KLENSCH H, 1973, FORTSCHR NEUROL PSYC, V41, P575', 'Miller E, 1970, Cortex, V6, P121', 'NORRMAN B, 1961, ACTA PSYCHIAT SCAND, V37, P236, DOI 10.1111/j.1600-0447.1961.tb07359.x', 'Russell W Ritchie, 1934, Edinb Med J, V41, P129', 'Siegel S., 1956, NONPARAMETRIC STAT B', 'Sternberg S, 1969, ACTA PSYCHOL, V30, P276, DOI 10.1016/0001-6918(69)90055-9', 'STRICH SJ, 1961, LANCET, V2, P443', 'VECHT CJ, 1975, LIFE SCI, V16, P1179, DOI 10.1016/0024-3205(75)90201-5', 'WELFORD AT, 1962, LANCET, V1, P335']",18,68,68,0,3,"VAN GORCUM CO BV",ASSEN,"PO BOX 43, 9400 AA ASSEN, NETHERLANDS",0303-8467,NULL,NULL,"CLIN NEUROL NEUROSUR","Clin. Neurol. Neurosurg.",NULL,1976,79,2,NULL,NULL,NULL,NULL,81,90,NULL,10.1016/0303-8467(76)90001-9,NULL,NULL,10,"['Clinical Neurology', 'Surgery']","['Neurosciences & Neurology', 'Surgery']",DH716,WOS:A1976DH71600001,1029638,NULL,NULL,NULL,2021-06-18
22373,J,"['LEZAK, MD']",NULL,NULL,NULL,"['LEZAK, MD']",NULL,NULL,"RECOVERY OF MEMORY AND LEARNING FUNCTIONS FOLLOWING TRAUMATIC BRAIN INJURY",CORTEX,NULL,NULL,English,Article,NULL,NULL,NULL,NULL,NULL,NULL,NULL,NULL,"UNIV OREGON,HLTH SCI CTR,PORTLAND,OR 97201","LEZAK, MD (corresponding author), VET ADM HOSP,PORTLAND,OR 97207, USA.",NULL,NULL,NULL,NULL,NULL,"['BLAKEMORE CB, 1967, J NEUROL NEUROSUR PS, V30, P364, DOI 10.1136/jnnp.30.4.364', 'Diller L., 1974, STUDIES COGNITION RE', 'FINNEY DJ, 1963, TABLES TESTING SIGNI', 'GRONWALL D, 1974, PSYCHOLOGICAL EFFECT', 'JENNETT B, 1975, 34 S OUTC SEV DAM CE', 'LEZAK MD, 1976, NEUROPSYCHOLOGICAL A', 'MANDLEBERG IA, 1975, J NEUROL NEUROSUR PS, V38, P1121, DOI 10.1136/jnnp.38.11.1121', 'MARSHALL JC, 1975, 34 S OUTC SEV DAM CT', 'Naquet R, 1970, Med Leg Dommage Corpor, V3, P32', 'NEWCOMBE F, 1975, J NEUROL SCI, V24, P127, DOI 10.1016/0022-510X(75)90013-1', 'Rey A., 1964, EXAMEN CLIN PSYCHOLO', 'Ruesch J, 1943, ARCH NEURO PSYCHIATR, V50, P165, DOI 10.1001/archneurpsyc.1943.02290200065005', 'Russell W Ritchie, 1934, Edinb Med J, V41, P129', 'RUSSELL WR, 1961, ARCH NEUROL-CHICAGO, V5, P4, DOI 10.1001/archneur.1961.00450130006002', 'Russell WR, 1932, BRAIN, V55, P549, DOI 10.1093/brain/55.4.549', 'SMITH A, 1964, J NEUROL NEUROSUR PS, V27, P511, DOI 10.1136/jnnp.27.6.511', 'SMITH A, 1960, J MENT SCI, V106, P767', 'SMITH E, 1974, J NEUROL NEUROSURG P, V37, P726', 'TEUBER HL, 1975, 34 S OUTC SEV DAM CT', 'VIGOUROUX RP, 1971, INT S HEAD INJURIES', 'WARRINGTON EK, 1966, BRAIN, V82, P53', 'WESCHSLER D, 1955, WECHSLER ADULT INTEL']",22,66,67,0,8,"MASSON DIVISIONE PERIODICI",MILAN,"VIA FRATELLI BRESSAN 2, 20126 MILAN, ITALY",0010-9452,NULL,NULL,CORTEX,Cortex,NULL,1979,15,1,NULL,NULL,NULL,NULL,63,72,NULL,10.1016/S0010-9452(79)80007-6,NULL,NULL,10,"['Behavioral Sciences', 'Neurosciences', 'Psychology, Experimental']","['Behavioral Sciences', 'Neurosciences & Neurology', 'Psychology']",GU709,WOS:A1979GU70900006,446047,NULL,NULL,NULL,2021-06-18
23430,J,"['GORDON, E']",NULL,NULL,NULL,"['GORDON, E']",NULL,NULL,"CONTROLLED RESPIRATION IN MANAGEMENT OF PATIENTS WITH TRAUMATIC BRAIN INJURIES","ACTA ANAESTHESIOLOGICA SCANDINAVICA",NULL,NULL,English,Article,NULL,NULL,NULL,NULL,NULL,NULL,NULL,NULL,NULL,NULL,NULL,NULL,NULL,NULL,NULL,"['ALEXANDER SC, 1970, ANESTHESIOLOGY, V32, P60, DOI 10.1097/00000542-197001000-00013', 'Bottistini N, 1969, CEREBRAL BLOOD FLOW, P249', 'BOZZMARRUBINI M, 1965, AUG S AN INT PRAG', 'BRAWLEY BW, 1968, SCAND J CLIN LA S102', 'BROCK M, 1970, 1970 P PRINC C CER D', 'CAMPAN L, 1968, ANN ANESTH FRANC, V9, P4', 'CHAMBERLAIN JH, 1970, BRIT J ANAESTH, V42, P32, DOI 10.1093/bja/42.1.32', 'COTEV S, 1968, SCAND J CLIN LA S102, P111', 'GORDON E, 1970, ACTA ANAESTH SCAND, V14, P97, DOI 10.1111/j.1399-6576.1970.tb00763.x', 'GORDON E, 1968, ACTA ANAESTH SCAND, V12, P51, DOI 10.1111/j.1399-6576.1968.tb00411.x', 'GOTOH F, 1965, ARCH NEUROL-CHICAGO, V12, P410, DOI 10.1001/archneur.1965.00460280080008', 'GRANHOLM L, 1969, ACTA PHYSIOL SCAND, V77, P179, DOI 10.1111/j.1748-1716.1969.tb04562.x', 'GRANHOLM L, 1968, EXPERIENTIA, V24, P337, DOI 10.1007/BF02140806', 'HOEDTRASMUSSEN K, 1967, ARCH NEUROL-CHICAGO, V17, P271, DOI 10.1001/archneur.1967.00470270049007', 'HUANG CT, 1963, ARCH NEUROL-CHICAGO, V9, P545, DOI 10.1001/archneur.1963.00460110113012', 'HUNTER AR, 1964, LANCET, V1, P279', 'KIENLE G, 1969, CEREBRAL BLOOD FLOW, P132', 'KJALLQUI.A, 1969, ACTA PHYSIOL SCAND, V75, P267, DOI 10.1111/j.1748-1716.1969.tb04380.x', 'LASSEN NA, 1966, LANCET, V2, P1113, DOI 10.1016/S0140-6736(66)92199-4', 'LUNDBERG L, 1959, ACTA PSYCH NEUR S139, P34', 'MEYER JS, 1960, ARCH NEUROL-CHICAGO, V3, P539, DOI 10.1001/archneur.1960.00450050059007', 'MEYER JS, 1969, CEREBRAL BLOOD FLOW, P199', 'PLUM F, 1968, AM J PHYSIOL, V215, P1240', 'ROSSANDA M, 1970, ACTA ANAESTH SCAND, V14, P173, DOI 10.1111/j.1399-6576.1970.tb00963.x', 'ROSSANDA M, 1966, ACTA ANAESTH SC  S23, P766', 'SOLOWAY M, 1968, ANESTHESIOLOGY, V29, P975, DOI 10.1097/00000542-196809000-00022', 'SUGIOKA K, 1960, ANESTHESIOLOGY, V21, P135, DOI 10.1097/00000542-196003000-00001', 'Symon L., 1968, SCAND J CLIN LA S102, V102, pXIII', 'THORN W, 1954, PFLUG ARCH GES PHYS, V258, P501, DOI 10.1007/BF00363713', 'VAPALATHI M, 1969, CEREBRAL BLOOD FLOW, P249']",30,62,63,0,0,"MUNKSGAARD INT PUBL LTD",COPENHAGEN,"35 NORRE SOGADE, PO BOX 2148, DK-1016 COPENHAGEN, DENMARK",0001-5172,NULL,NULL,"ACTA ANAESTH SCAND","Acta Anaesthesiol. Scand.",NULL,1971,15,3,NULL,NULL,NULL,NULL,193,&,NULL,10.1111/j.1399-6576.1971.tb05461.x,NULL,NULL,0,"['Anesthesiology']","['Anesthesiology']",K5975,WOS:A1971K597500005,5120955,NULL,NULL,NULL,2021-06-18
23694,J,"['GRIFFITHS, MV']",NULL,NULL,NULL,"['GRIFFITHS, MV']",NULL,NULL,"INCIDENCE OF AUDITORY AND VESTIBULAR CONCUSSION FOLLOWING MINOR HEAD-INJURY","JOURNAL OF LARYNGOLOGY AND OTOLOGY",NULL,NULL,English,Article,NULL,NULL,NULL,NULL,NULL,NULL,NULL,NULL,NULL,NULL,NULL,NULL,NULL,NULL,NULL,"['BARBER H O, 1964, Laryngoscope, V74, P891', 'BARR JB, 1964, LANCET, V2, P519', 'HEISKANEN O, 1970, ACTA NEUROL SCAND, V46, P343, DOI 10.1111/j.1600-0404.1970.tb05798.x', 'HOUGH JVD, 1969, ANN OTO RHINOL LARYN, V78, P210, DOI 10.1177/000348946907800202', 'JENNETT B, 1975, BRIT MED J, V3, P267, DOI 10.1136/bmj.3.5978.267', 'KERR TA, 1971, BRIT J PREV SOC MED, V25, P179', 'LEWIN W, 1968, BMJ-BRIT MED J, V1, P465, DOI 10.1136/bmj.1.5590.465', 'LEWIN W, 1970, P ROY SOC MED, V63, P8', 'MAWSON SR, 1967, DISEASES EAR, P431', 'MILLER H, 1966, P ROY SOC MED, V59, P257, DOI 10.1177/003591576605900327', 'MORRISON AW, 1975, MANAGEMENT SENSORI N, P210', 'RUSSELL WR, 1961, ARCH NEUROL-CHICAGO, V5, P16, DOI DOI 10.1001/ARCHNEUR.1961.00450130006002', 'SCHUKNECHT HF, 1951, ANN OTO RHINOL LARYN, V60, P273, DOI 10.1177/000348945106000201', 'STEADMAN JH, 1970, P ROY SOC MED, V63, P23, DOI 10.1177/003591577006300109']",14,60,63,0,0,"HEADLEY BROTHERS LTD",ASHFORD,"INVICTA PRESS, ASHFORD, KENT, ENGLAND TN24 8HH",0022-2151,NULL,NULL,"J LARYNGOL OTOL","J. Laryngol. Otol.",NULL,1979,93,3,NULL,NULL,NULL,NULL,253,265,NULL,10.1017/S0022215100086990,NULL,NULL,13,"['Otorhinolaryngology']","['Otorhinolaryngology']",GM951,WOS:A1979GM95100003,429902,NULL,NULL,NULL,2021-06-18
23431,J,"['YARNELL, PR', 'LYNCH, S']",NULL,NULL,NULL,"['YARNELL, PR', 'LYNCH, S']",NULL,NULL,"RETROGRADE MEMORY IMMEDIATELY AFTER CONCUSSION",LANCET,NULL,NULL,English,Article,NULL,NULL,NULL,NULL,NULL,NULL,NULL,NULL,NULL,NULL,NULL,NULL,NULL,NULL,NULL,"['BENSON DF, 1967, J NEUROL NEUROSUR PS, V30, P539, DOI 10.1136/jnnp.30.6.539', 'MAZZIA VDB, 1966, ARCH NEUROL-CHICAGO, V14, P522, DOI 10.1001/archneur.1966.00470110066008', 'MCGAUGH TL, 1966, SCIENCE, V153, P1351', 'Russell WR, 1935, LANCET, V2, P762', 'RUSSELL WR, 1946, BRAIN, V69, P280, DOI 10.1093/brain/69.4.280', 'THOMPSON RF, 1967, FOUNDATIONS PHYSIOLO', 'WILLIAMS M, 1952, J NEUROL NEUROSUR PS, V15, P54, DOI 10.1136/jnnp.15.1.54', 'WILLIAMS M, 1969, PATHOLOGY MEMORY']",8,62,62,1,8,"LANCET LTD",LONDON,"42 BEDFORD SQUARE, LONDON WC1B 3SL, ENGLAND",0140-6736,NULL,NULL,LANCET,Lancet,NULL,1970,1,7652,NULL,NULL,NULL,NULL,863,&,NULL,NULL,NULL,NULL,0,"['Medicine, General & Internal']","['General & Internal Medicine']",G0871,WOS:A1970G087100005,4191508,NULL,NULL,NULL,2021-06-18
23989,J,"['RELANDER, M', 'TROUPP, H', 'BJORKEST.G']",NULL,NULL,NULL,"['RELANDER, M', 'TROUPP, H', 'BJORKEST.G']",NULL,NULL,"CONTROLLED TRIAL OF TREATMENT FOR CEREBRAL CONCUSSION","BMJ-BRITISH MEDICAL JOURNAL",NULL,NULL,English,Article,NULL,NULL,NULL,NULL,NULL,NULL,NULL,NULL,"HELSINKI UNIV, CENT HOSP, NEUROSURG CLIN, HELSINKI, FINLAND",NULL,NULL,NULL,NULL,NULL,NULL,"['CAIRNS H, 1941, P ROY SOC MED, V35, P299', 'DENNYBROWN D, 1945, JAMA-J AM MED ASSOC, V127, P429, DOI 10.1001/jama.1945.02860080001001', 'Guttmann E, 1943, BRIT MED J, V1943, P94', 'HILTON J, CITED INDIRECTLY', 'MULLER R, 1956, ARCH NEURO PSYCHIATR, V76, P597', 'OLESEN S, 1963, UGESKRIFT LAEGER, V64, P123', 'RELANDER M, 1971, AKTIV BEHANDLING LAT', 'Russell WR, 1942, BMJ-BRIT MED J, V1942, P521, DOI 10.1136/bmj.2.4269.521', 'SILFVERSKIOLD BP, 1951, ACTA PSYCHIATRIC S74, P264', 'SYMONDS C, 1962, LANCET, V1, P1']",10,58,58,0,2,"BMJ PUBLISHING GROUP",LONDON,"BRITISH MED ASSOC HOUSE, TAVISTOCK SQUARE, LONDON WC1H 9JR, ENGLAND",1756-1833,NULL,NULL,"BMJ-BRIT MED J","BMJ-British Medical Journal",NULL,1972,4,5843,NULL,NULL,NULL,NULL,777,779,NULL,10.1136/bmj.4.5843.777,NULL,NULL,3,"['Medicine, General & Internal']","['General & Internal Medicine']",O3691,WOS:A1972O369100018,4646510,"Green Published",NULL,NULL,2021-06-18
26703,J,"['SHAW, CM', 'ALVORD, EC']",NULL,NULL,NULL,"['SHAW, CM', 'ALVORD, EC']",NULL,NULL,"INJURY OF BASILAR ARTERY ASSOCIATED WITH CLOSED HEAD TRAUMA","JOURNAL OF NEUROLOGY NEUROSURGERY AND PSYCHIATRY",NULL,NULL,English,Article,NULL,NULL,NULL,NULL,NULL,NULL,NULL,NULL,NULL,NULL,NULL,NULL,NULL,NULL,NULL,"['Birley JL, 1928, BRAIN, V51, P184, DOI 10.1093/brain/51.2.184', 'BOTS G. T. A. M., 1964, ACTA NEUROPATHOL, V3, P416', 'BRASS K, 1957, Frankf Z Pathol, V68, P254', 'BURTON C, 1968, J NEUROSURG, V28, P468, DOI 10.3171/jns.1968.28.5.0468', 'CAIRNS H, 1942, LISBOA MED, V19, P375', 'CALDWELL HW, 1948, ANN INTERN MED, V28, P1132, DOI 10.7326/0003-4819-28-6-1132', 'CARMICHAEL R, 1950, J PATHOL BACTERIOL, V62, P1, DOI 10.1002/path.1700620102', 'CARPENTER S, 1961, J NEUROSURG, V18, P849, DOI 10.3171/jns.1961.18.6.0849', 'CHATRIAN GE, 1964, ELECTROEN CLIN NEURO, V16, P285, DOI 10.1016/0013-4694(64)90111-7', 'CLARKE PRR, 1955, BRIT J SURG, V43, P215, DOI 10.1002/bjs.18004317816', 'De Veer JA, 1942, J NEUROPATH EXP NEUR, V1, P24', 'DRATZ HM, 1947, J NEUROPATH EXP NEUR, V6, P286, DOI 10.1097/00005072-194707000-00009', 'Forbus WD, 1930, B JOHNS HOPKINS HOSP, V47, P239', 'FORD FR, 1956, B JOHNS HOPKINS HOSP, V98, P37', 'Glynn LE, 1940, J PATHOL BACTERIOL, V51, P213, DOI 10.1002/path.1700510206', 'GRECO T, 1935, ARCH ITAL CHIR, V39, P757', 'GURDJIAN ES, 1963, J NEUROSURG, V20, P418, DOI 10.3171/jns.1963.20.5.0418', 'HIRSCH JF, 1962, NEURO-CHIR, V8, P189', 'HOCKADAY TDR, 1959, J NEUROL NEUROSUR PS, V22, P229, DOI 10.1136/jnnp.22.3.229', 'HOUCK WS, 1964, ANN SURG, V159, P219, DOI 10.1097/00000658-196402000-00006', 'HUGHES JT, 1968, J NEUROL NEUROSUR PS, V31, P307, DOI 10.1136/jnnp.31.4.307', 'HUMPHREY JG, 1960, BRAIN, V83, P565, DOI 10.1093/brain/83.4.565', 'Kleyn AD, 1933, DTSCH Z NERVENHEILK, V132, P157', 'KUNKLE EC, 1952, ANN INTERN MED, V36, P1329, DOI 10.7326/0003-4819-36-5-1329', 'LINDENBERG R, 1955, J NEUROPATH EXP NEUR, V14, P223, DOI 10.1097/00005072-195507000-00001', 'LINDENBERG R, 1966, J NEUROSURG, V24, P908, DOI 10.3171/jns.1966.24.5.0908', 'LOCKSLEY HB, 1966, J NEUROSURG, V25, P219, DOI 10.3171/jns.1966.25.2.0219', 'LOOP JW, 1964, RADIOLOGY, V83, P36, DOI 10.1148/83.1.36', 'MASTAGLIA FL, 1969, J NEUROL NEUROSUR PS, V32, P383, DOI 10.1136/jnnp.32.5.383', 'MILLER JDR, 1967, RADIOLOGY, V89, P95, DOI 10.1148/89.1.95', 'MURRAY DS, 1957, BRIT J SURG, V44, P556, DOI 10.1002/bjs.18004418803', 'NORTHCROFT GB, 1945, BRITISH J SURGERY, V32, P105', 'PITNER SE, 1966, NEW ENGL J MED, V274, P764, DOI 10.1056/NEJM196604072741403', 'PRATTTHOMAS HR, 1947, JAMA-J AM MED ASSOC, V133, P600, DOI 10.1001/jama.1947.02880090022005', 'RANEY AA, 1948, ARCH NEURO PSYCHIATR, V60, P425, DOI 10.1001/archneurpsyc.1948.02310050002001', 'SCHNEIDER RC, 1952, J NEUROSURG, V9, P495, DOI 10.3171/jns.1952.9.5.0495', 'SEDZIMIR CB, 1955, J NEUROL NEUROSUR PS, V18, P293, DOI 10.1136/jnnp.18.4.293', 'SHAW CM, 1968, J NEUROSURG, V28, P475, DOI 10.3171/jns.1968.28.5.0475', 'SIGHTS WP, 1968, J NEUROSURG, V28, P588, DOI 10.3171/jns.1968.28.6.0588', 'SMITH DE, 1961, 7 ANN SCIENT M HOUST, P367', 'SMITH KR, 1968, J NEUROSURG, V29, P551, DOI 10.3171/jns.1968.29.5.0551', 'THERKELSEN J, 1963, CIRCULATION, V28, P101, DOI 10.1161/01.CIR.28.1.101', 'THOMSON JLG, 1963, BRIT J RADIOL, V36, P840, DOI 10.1259/0007-1285-36-431-840', 'TOAKLEY G, 1965, Aust N Z J Surg, V34, P261, DOI 10.1111/j.1445-2197.1965.tb04371.x', 'VERBIEST H, 1959, Folia Psychiatr Neurol Neurochir Neerl, V62, P371', 'VERNEUIL, 1972, B ACADEMIE MEDICIN 2, V1, P45', 'WALTON JN, 1956, SUBARCHNOID HAEMORRH', 'WINTERNITZ MC, 1938, BIOLOGY ARTERIOSCLER']",48,44,44,0,0,"BRITISH MED JOURNAL PUBL GROUP",LONDON,"BRITISH MED ASSOC HOUSE, TAVISTOCK SQUARE, LONDON WC1H 9JR, ENGLAND",0022-3050,NULL,NULL,"J NEUROL NEUROSUR PS","J. Neurol. Neurosurg. Psychiatry",NULL,1972,35,2,NULL,NULL,NULL,NULL,247,&,NULL,10.1136/jnnp.35.2.247,NULL,NULL,0,"['Clinical Neurology', 'Psychiatry', 'Surgery']","['Neurosciences & Neurology', 'Psychiatry', 'Surgery']",M4206,WOS:A1972M420600017,5037036,"Green Published, Bronze",NULL,NULL,2021-06-18
1093,J,"['KOBRINE, AI', 'TIMMINS, E', 'RAJJOUB, RK', 'RIZZOLI, HV', 'DAVIS, DO']",NULL,NULL,NULL,"['KOBRINE, AI', 'TIMMINS, E', 'RAJJOUB, RK', 'RIZZOLI, HV', 'DAVIS, DO']",NULL,NULL,"DEMONSTRATION OF MASSIVE TRAUMATIC BRAIN-SWELLING WITHIN 20 MINUTES AFTER INJURY - CASE-REPORT","JOURNAL OF NEUROSURGERY",NULL,NULL,English,Article,NULL,NULL,NULL,NULL,NULL,NULL,NULL,NULL,"GEORGE WASHINGTON UNIV,MED CTR,DEPT NEUROL SURG,WASHINGTON,DC 20006; GEORGE WASHINGTON UNIV,MED CTR,DEPT RADIOL,WASHINGTON,DC 20006",NULL,NULL,NULL,NULL,NULL,NULL,"['Kobrine A I, 1973, Surg Neurol, V1, P34']",1,39,40,0,0,"AMER ASSOC NEUROLOGICAL SURGEONS",CHARLOTTESVILLE,"UNIV VIRGINIA, 1224 WEST MAIN ST, STE 450, CHARLOTTESVILLE, VA 22903",0022-3085,NULL,NULL,"J NEUROSURG","J. Neurosurg.",NULL,1977,46,2,NULL,NULL,NULL,NULL,256,258,NULL,10.3171/jns.1977.46.2.0256,NULL,NULL,3,"['Clinical Neurology', 'Surgery']","['Neurosciences & Neurology', 'Surgery']",CT438,WOS:A1977CT43800017,833645,NULL,NULL,NULL,2021-06-18
2657,J,"['PARKINSON, D', 'WEST, M', 'PATHIRAJA, T']",NULL,NULL,NULL,"['PARKINSON, D', 'WEST, M', 'PATHIRAJA, T']",NULL,NULL,"CONCUSSION - COMPARISON OF HUMANS AND RATS",NEUROSURGERY,NULL,NULL,English,Article,NULL,NULL,NULL,NULL,NULL,NULL,NULL,NULL,NULL,"PARKINSON, D (corresponding author), UNIV MANITOBA,FAC MED,NEUROL SURG SECT,WINNIPEG R3E OW3,MANITOBA,CANADA.",NULL,NULL,NULL,NULL,NULL,NULL,0,34,35,0,4,"WILLIAMS & WILKINS",BALTIMORE,"351 WEST CAMDEN ST, BALTIMORE, MD 21201-2436",0148-396X,NULL,NULL,NEUROSURGERY,Neurosurgery,NULL,1978,3,2,NULL,NULL,NULL,NULL,176,180,NULL,10.1227/00006123-197809000-00008,NULL,NULL,5,"['Clinical Neurology', 'Surgery']","['Neurosciences & Neurology', 'Surgery']",FT423,WOS:A1978FT42300008,703936,NULL,NULL,NULL,2021-06-18
3021,J,"['FULD, PA', 'FISHER, P']",NULL,NULL,NULL,"['FULD, PA', 'FISHER, P']",NULL,NULL,"RECOVERY OF INTELLECTUAL ABILITY AFTER CLOSED HEAD-INJURY","DEVELOPMENTAL MEDICINE AND CHILD NEUROLOGY",NULL,NULL,English,Article,NULL,NULL,NULL,NULL,NULL,NULL,NULL,NULL,"JACOBI HOSP,BRONX,NY 10461",NULL,NULL,NULL,NULL,NULL,NULL,"['BLACK P, 1971, APR P INT S HEAD INJ', 'BUSCHKE H, 1974, NEUROLOGY, V24, P1019, DOI 10.1212/WNL.24.11.1019', 'COSTA LOUIS D., 1964, PERCEPT MOT SKILLS, V18, P748', 'DENCKER SJ, 1958, ACTA PSYCHIATRI S122, V33', 'DILLON H, 1961, JAMA-J AM MED ASSOC, V175, P86, DOI 10.1001/jama.1961.03040020012003', 'FORD FR, 1973, DISEASES NERVOUS SYS', 'GRONWALL, 1974, LANCET, V2, P605', 'HJERN B, 1964, ACTA PEDIATRICA S152', 'Jacobson SA, 1963, POSTTRAUMATIC SYNDRO', 'LEWIN W, 1966, MANAGEMENT HEAD INJU', 'MACGINITIE W, 1973, PROBLEMS ASSESSMENT, P35', 'MEALEY J, 1968, PEDIATRIC HEAD INJUR', 'NAUGHTON JAL, 1971, 1970 P INT S HEAD IN', 'RICHARDSON F, 1963, DEV MED CHILD NEUROL, V5, P471', 'Ruesch J, 1944, AM J PSYCHIAT, V100, P480, DOI 10.1176/ajp.100.4.480', 'SHAFFER D, 1975, OUTCOME SEVERE DAMAG', 'SYMONDS C, 1962, LANCET, V1, P1']",17,33,33,0,0,"CAMBRIDGE UNIV PRESS","NEW YORK","40 WEST 20TH STREET, NEW YORK, NY 10011-4211",0012-1622,NULL,NULL,"DEV MED CHILD NEUROL","Dev. Med. Child Neurol.",NULL,1977,19,4,NULL,NULL,NULL,NULL,495,502,NULL,NULL,NULL,NULL,8,"['Clinical Neurology', 'Pediatrics']","['Neurosciences & Neurology', 'Pediatrics']",DR293,WOS:A1977DR29300009,892246,NULL,NULL,NULL,2021-06-18
3408,J,"['OVERGAARD, J', 'TWEED, WA']",NULL,NULL,NULL,"['OVERGAARD, J', 'TWEED, WA']",NULL,NULL,"CEREBRAL-CIRCULATION AFTER HEAD-INJURY .2. EFFECTS OF TRAUMATIC BRAIN EDEMA","JOURNAL OF NEUROSURGERY",NULL,NULL,English,Article,NULL,NULL,NULL,NULL,NULL,NULL,NULL,NULL,"ODENSE UNIV HOSP,DEPT NEUROSURG,DK-5000 ODENSE,DENMARK",NULL,NULL,NULL,NULL,NULL,NULL,"['BEKS JWF, 1972, INTRACRANIAL PRESSUR, P119', 'BROCK M, 1975, INTRACRANIAL PRESSUR, V2, P215', 'BRUCE DA, 1973, J NEUROSURG, V38, P131, DOI 10.3171/jns.1973.38.2.0131', 'BUSCH EAV, 1961, CLIN NEUROSURG, V9, P18', 'FEIGIN I, 1962, ARCH NEUROL-CHICAGO, V6, P151, DOI 10.1001/archneur.1962.00450200065006', 'FREI HJ, 1973, ACTA NEUROCHIR, V29, P15, DOI 10.1007/BF01414613', 'GO KG, 1974, EXP NEUROL, V42, P332, DOI 10.1016/0014-4886(74)90030-2', 'HOHORST H, 1962, METHODEN ENZYMATISCH, V1, P266', 'JENNETT B, 1973, 8TH CER VASC DIS C, P163', 'JENNETT WB, 1972, PERSISTENT VEGETA, P737', 'JOHANSSON B, 1970, ACTA NEUROPATHOL, V16, P117, DOI 10.1007/BF00687666', 'JOHNSTON I H, 1970, Lancet, V2, P433', 'KALIN EM, 1975, NEW ENGL J MED, V293, P1013, DOI 10.1056/NEJM197511132932003', 'Klatzo I, 1973, ADV NEUROSURG, V1, P1', 'KLATZO I, 1974, EXCERPTA MEDICA  320, P310', 'KLATZO I, 1972, STEROIDS BRAIN EDEMA, P1', 'LASSEN NA, 1966, LANCET, V2, P1113, DOI 10.1016/S0140-6736(66)92199-4', 'LUNDBERG NA, 1974, ADV TECHNICAL STANDA, V1, P6', 'MARSHALL WJ, 1969, ARCH NEUROL-CHICAGO, V21, P545, DOI 10.1001/archneur.1969.00480170117012', 'MEINIG G, 1972, EUR NEUROL, V8, P97, DOI 10.1159/000114558', 'NAKATANI S, 1972, INTRACRANIAL PRESSUR, P144', 'NORTHFIELD PWG, 1973, SURGERY CENTRAL NERV, P38', 'Olesen J, 1971, STROKE, V2, P519, DOI 10.1161/01.STR.2.6.519', 'OMMAYA AK, 1974, EXCERPTA MEDICA  320, P275', 'OVERGAARD J, 1973, LANCET, V2, P631', 'OVERGAARD J, 1974, J NEUROSURG, V41, P531, DOI 10.3171/jns.1974.41.5.0531', 'PAPPIUS HM, 1967, BRAIN EDEMA', 'Reivich M, 1969, CEREBRAL BLOOD FLOW, P205', 'REULEN HJ, 1975, INTRACRANIAL PRESSUR, V2, P233', 'SCHUTTA HS, 1968, BRAIN, V91, P281, DOI 10.1093/brain/91.2.281', 'TROUPP H, 1971, ACTA NEUROCHIR, V25, P189, DOI 10.1007/BF01809100', 'Tweed W A, 1976, Can J Neurol Sci, V3, P35', 'TWEED WA, 1973, STROKE, V4, P348']",33,32,32,0,0,"AMER ASSOC NEUROLOGICAL SURGEONS",CHARLOTTESVILLE,"UNIV VIRGINIA, 1224 WEST MAIN ST, STE 450, CHARLOTTESVILLE, VA 22903",0022-3085,NULL,NULL,"J NEUROSURG","J. Neurosurg.",NULL,1976,45,3,NULL,NULL,NULL,NULL,292,300,NULL,10.3171/jns.1976.45.3.0292,NULL,NULL,9,"['Clinical Neurology', 'Surgery']","['Neurosciences & Neurology', 'Surgery']",CC173,WOS:A1976CC17300005,948015,NULL,NULL,NULL,2021-06-18
4240,J,"['MANAKA, S', 'SANO, K']",NULL,NULL,NULL,"['MANAKA, S', 'SANO, K']",NULL,NULL,"THYROTROPIN-RELEASING-HORMONE TARTRATE (TRH-T) SHORTENS CONCUSSION EFFECTS FOLLOWING HEAD IMPACT IN MICE","NEUROSCIENCE LETTERS",NULL,NULL,English,Article,NULL,NULL,NULL,NULL,NULL,NULL,NULL,NULL,NULL,"MANAKA, S (corresponding author), UNIV TOKYO,FAC MED,DEPT NEUROSURG,TOKYO 113,JAPAN.",NULL,NULL,NULL,NULL,NULL,"['BREESE GR, 1974, LIFE SCI, V14, P1053, DOI 10.1016/0024-3205(74)90230-6', 'INANAGA K, 1975, Kurume Medical Journal, V22, P159', 'KASTIN AJ, 1972, LANCET, V2, P740', 'KELLER HH, 1974, NATURE, V248, P528, DOI 10.1038/248528a0', 'MANAKA S, 1977, BRAIN NERV, V29, P1075', 'MCCAUL JA, 1974, LANCET, V1, P735', 'MIYAMOTO M, 1977, EUR J PHARMACOL, V44, P143, DOI 10.1016/0014-2999(77)90100-5', 'PRANGE AJ, 1972, LANCET, V2, P999', 'PRANGE AJ, 1974, LIFE SCI, V14, P447, DOI 10.1016/0024-3205(74)90359-2', 'SAJI Y, 1977, Journal of Takeda Research Laboratories, V36, P39', 'SAJI Y, 1976, BASIC PHARM THERAP, V4, P515', 'WILSON IC, 1973, LANCET, V2, P43']",12,30,30,0,0,"ELSEVIER SCI IRELAND LTD",CLARE,"CUSTOMER RELATIONS MANAGER, BAY 15, SHANNON INDUSTRIAL ESTATE CO, CLARE, IRELAND",0304-3940,NULL,NULL,"NEUROSCI LETT","Neurosci. Lett.",NULL,1978,8,3,NULL,NULL,NULL,NULL,255,258,NULL,10.1016/0304-3940(78)90131-3,NULL,NULL,4,"['Neurosciences']","['Neurosciences & Neurology']",FL615,WOS:A1978FL61500013,19605168,NULL,NULL,NULL,2021-06-18
8233,J,"['BROWN, WJ', 'CANTY, T', 'VERITY, MA', 'YOSHIDA, N']",NULL,NULL,NULL,"['BROWN, WJ', 'CANTY, T', 'VERITY, MA', 'YOSHIDA, N']",NULL,NULL,"EXPERIMENTAL CONCUSSION - ULTRASTRUCTURAL AND BIOCHEMICAL CORRELATES","AMERICAN JOURNAL OF PATHOLOGY",NULL,NULL,English,Article,NULL,NULL,NULL,NULL,NULL,NULL,NULL,NULL,NULL,NULL,NULL,NULL,NULL,NULL,NULL,"['BODIAN D, 1964, B JOHNS HOPKINS HOSP, V114, P13', 'BOWSHER D, 1970, J ANAT, V106, P23', 'BOWSHER D, 1971, BRAIN RES, V28, P443, DOI 10.1016/0006-8993(71)90055-2', 'BRECKENRIDGE BM, 1962, J NEUROCHEM, V9, P383, DOI 10.1111/j.1471-4159.1962.tb09464.x', 'CHASON JL, 1958, J NEUROSURG, V15, P135, DOI 10.3171/jns.1958.15.2.0135', 'CHASON JL, 1957, J NEUROPATH EXP NEUR, V16, P102, DOI 10.1097/00005072-195701000-00012', 'Denny-Brown D, 1941, BRAIN, V64, P93, DOI 10.1093/brain/64.2-3.93', 'DENNYBROWN D, 1945, PHYSIOL REV, V25, P296', 'DOW RS, 1945, J NEUROPHYSIOL, V8, P161', 'DROCHMANS P, 1962, J ULTRA MOL STRUCT R, V6, P141, DOI 10.1016/S0022-5320(62)90050-3', 'EVANS JP, 1944, RES PUBL ASS NERV ME, V24, P254', 'FRIEDE R, 1958, BIOPHYSICS CONCUSS 2, P58', 'FRIEDE RL, 1960, J NEUROPATH EXP NEUR, V19, P266, DOI 10.1097/00005072-196004000-00007', 'FRIEDE RL, 1961, ARCH NEUROL-CHICAGO, V4, P449, DOI 10.1001/archneur.1961.00450100097012', 'Gray E G, 1966, Int Rev Cytol, V19, P111, DOI 10.1016/S0074-7696(08)60566-5', 'GRAY EG, 1961, J PHYSIOL-LONDON, V157, P581, DOI 10.1113/jphysiol.1961.sp006744', 'GRAY EG, 1959, J ANAT, V93, P420', 'GRILLO MA, 1966, PHARMACOL REV, V18, P387', 'GROAT RA, 1945, J NEUROSURG, V2, P26, DOI 10.3171/jns.1945.2.1.0026', 'Groat RA, 1944, AM J PHYSIOL, V141, P0117', 'GROSS AG, 1958, J NEUROSURG, V15, P548, DOI 10.3171/jns.1958.15.5.0548', 'GURDJIAN ES, 1953, NEUROLOGY, V3, P417, DOI 10.1212/WNL.3.6.417', 'GURDJIAN ES, 1954, NEUROLOGY, V4, P674, DOI 10.1212/WNL.4.9.674', 'IBRAHIM MZM, 1970, AM J PATHOL, V60, P403', 'KARNOVSKY MJ, 1961, J BIOPHYS BIOCHEM CY, V11, P729, DOI 10.1083/jcb.11.3.729', 'Kerr SE, 1936, J BIOL CHEM, V116, P9', 'KIRKPATRICK JB, 1968, J COMP NEUROL, V132, P189, DOI 10.1002/cne.901320110', 'KLATZO I, 1961, J NEUROPATH EXP NEUR, V20, P459, DOI 10.1097/00005072-196120040-00001', 'KOENIG H, 1945, STAIN TECHNOL, V20, P13, DOI 10.3109/10520294509107124', 'Kuffer S. W., 1966, Ergebnisse der Physiologie, V57, P1', 'LOWRY OH, 1951, J BIOL CHEM, V193, P265', 'MAXWELL DS, 1965, J CELL BIOL, V25, P141, DOI 10.1083/jcb.25.2.141', 'MCILWAIN H, 1952, BIOCHEM J, V52, P289, DOI 10.1042/bj0520289', 'OMMAYA AK, 1964, J NEUROSURG, V21, P249, DOI 10.3171/jns.1964.21.4.0249', 'PUDENZ RH, 1946, J NEUROSURG, V3, P487, DOI 10.3171/jns.1946.3.6.0487', 'REVEL JP, 1964, J HISTOCHEM CYTOCHEM, V12, P104, DOI 10.1177/12.2.104', 'RHINES R, 1946, AM J PHYSIOL, V146, P344', 'ROLLESTON FS, 1967, BIOCHEM J, V104, P524, DOI 10.1042/bj1040524', 'SHIMIZU N, 1958, NATURE, V181, P781, DOI 10.1038/181781a0', 'SOTELO C, 1968, J CELL BIOL, V36, P151, DOI 10.1083/jcb.36.1.151', 'STRICH SJ, 1961, LANCET, V2, P443', 'TAKAGAKI G, 1968, J NEUROCHEM, V15, P903, DOI 10.1111/j.1471-4159.1968.tb11632.x', 'VENABLE JH, 1965, J CELL BIOL, V25, P407, DOI 10.1083/jcb.25.2.407', 'VERITY MA, 1969, BIOCHEM PHARMACOL, V18, P327, DOI 10.1016/0006-2952(69)90210-X', 'VERITY MA, 1963, J LAB CLIN MED, V62, P846', 'VESCO C, 1968, J NEUROCHEM, V15, P81, DOI 10.1111/j.1471-4159.1968.tb06177.x', 'WARD JW, 1948, J NEUROPHYSIOL, V11, P59', 'Williams D, 1941, BRAIN, V64, P223, DOI 10.1093/brain/64.4.223', 'WINDLE W. F., 1944, TRANS AMER NEUROL ASSOC, V70, P117', 'Windle W. F., 1944, SURG GYNECOL AND OBSTET, V79, P561', 'WINDLE WF, 1945, ANAT REC, V93, P201, DOI 10.1002/ar.1090930210', 'WOLFE LS, 1962, J NEUROCHEM, V9, P213, DOI 10.1111/j.1471-4159.1962.tb11862.x', 'WOOLLEY DE, 1963, P SOC EXP BIOL MED, V114, P571', 'YAMAMOTO T, 1963, J CELL BIOL, V16, P159, DOI 10.1083/jcb.16.1.159']",54,24,24,0,0,"AMER SOC INVESTIGATIVE PATHOLOGY, INC",BALTIMORE,"428 EAST PRESTON ST, BALTIMORE, MD 21202-3993",0002-9440,NULL,NULL,"AM J PATHOL","Am. J. Pathol.",NULL,1972,67,1,NULL,NULL,NULL,NULL,41,&,NULL,NULL,NULL,NULL,0,"['Pathology']","['Pathology']",M3066,WOS:A1972M306600003,5045878,NULL,NULL,NULL,2021-06-18
8854,J,"['STREIFLER, M', 'HOFMAN, S']",NULL,NULL,NULL,"['STREIFLER, M', 'HOFMAN, S']",NULL,NULL,"SINISTRAD MIRROR WRITING AND READING AFTER BRAIN CONCUSSION IN A BI-SYSTEMIC (ORIENTO-OCCIDENTAL) POLYGLOT",CORTEX,NULL,NULL,English,Article,NULL,NULL,NULL,NULL,NULL,NULL,NULL,NULL,"ICHILOV HOSP, MUNICIPAL GOVT MED CTR, DEPT NEUROL, TEL AVIV, ISRAEL; TEL AVIV UNIV, SCH MED, TEL AVIV, ISRAEL",NULL,NULL,NULL,NULL,NULL,NULL,"['BEELEY AL, 1918, EXPT STUDY LEFT HAND', 'BENTON AL, 1965, CAN PSYCHOLOGIST, V6, P332, DOI 10.1037/h0083084', 'Carmichael L, 1932, J GEN PSYCHOL, V6, P296, DOI 10.1080/00221309.1932.9711876', 'CRITCHLEY M, 1927, MIRROR WRITING', 'Critchley M., 1970, APHASIOLOGY OTHER AS', 'CRITCHLEY M, 1964, DEVELOPMENTAL DYSLEX', 'DENNYBROWN D, 1952, BRAIN, V75, P433', 'Faust C, 1947, NERVENARZT, V18, P103', 'Fildes LG, 1923, B J PSYCHOL-GEN SECT, V14, P57, DOI 10.1111/j.2044-8295.1923.tb00112.x', 'Fox JC, 1926, BRAIN, V49, P333, DOI 10.1093/brain/49.3.333', 'Fraenkel M, 1908, ARCH PSYCHIAT NERVEN, V43, P1275, DOI 10.1007/BF01812132', 'Gordon H, 1920, BRAIN, V43, P313', 'HALPERN L, 1944, HAREFUAH, V26, P105', 'Head H., 1926, APHASIA KINDRED DISO, V1', 'HERRMANN G, 1926, AGRPHIE IHRE LOKALDI', 'Kleist K., 1934, GEHIRNPATHOLOGIE', 'NEBLETT HC, 1941, SO MED SURG, P103', 'NEWNHAM R, 1971, ABOUT CHINESE', 'Oblu N, 1967, Stud Cercet Neurol, V12, P187', 'Orton S., 1937, READING WRITING SPEE', 'Orton ST, 1943, ARCH OPHTHALMOL-CHIC, V30, P707', 'Orton ST, 1928, J AMER MED ASSOC, V90, P1095, DOI 10.1001/jama.1928.02690410007003', 'PARK GE, 1953, J PEDIATR-US, V42, P120, DOI 10.1016/S0022-3476(53)80117-4', 'POETZL O, 1928, APHASIELEHRE STANDPU, V1', 'STRAUSS H, 1942, CITED INDIRECTLY', 'TOWE, 1967, CITED INDIRECTLY', 'TRUEMAN RH, 1965, POSTGRAD MED, V38, P469, DOI 10.1080/00325481.1965.11695681', 'WALSH FB, 1957, CLINICAL NEUROOPHTHA']",28,23,23,0,2,"ELSEVIER MASSON, CORPORATION OFFICE",PARIS,"65 CAMILLE DESMOULINS CS50083 ISSY-LES-MOULINEAUX, 92442 PARIS, FRANCE",0010-9452,1973-8102,NULL,CORTEX,Cortex,NULL,1976,12,4,NULL,NULL,NULL,NULL,356,364,NULL,10.1016/S0010-9452(76)80039-1,NULL,NULL,9,"['Behavioral Sciences', 'Neurosciences', 'Psychology, Experimental']","['Behavioral Sciences', 'Neurosciences & Neurology', 'Psychology']",CW512,WOS:A1976CW51200006,1009772,NULL,NULL,NULL,2021-06-18
10767,J,"['ADOUR, KK', 'BOYAJIAN, JA', 'KAHN, ZM', 'SCHNEIDER, GS']",NULL,NULL,NULL,"['ADOUR, KK', 'BOYAJIAN, JA', 'KAHN, ZM', 'SCHNEIDER, GS']",NULL,NULL,"SURGICAL AND NONSURGICAL MANAGEMENT OF FACIAL PARALYSIS FOLLOWING CLOSED HEAD-INJURY",LARYNGOSCOPE,NULL,NULL,English,Article,NULL,NULL,NULL,NULL,NULL,NULL,NULL,NULL,"KAISER PERMANENTE MED CTR,OAKLAND,CA 94611",NULL,NULL,NULL,NULL,NULL,NULL,"['ADOUR KK, 1974, NEUROLOGY, V24, P1112, DOI 10.1212/WNL.24.12.1112', 'ADOUR KK, 1972, NEW ENGL J MED, V287, P1268, DOI 10.1056/NEJM197212212872503', 'ALFORD BR, 1971, LARYNGOSCOPE, V81, P620, DOI 10.1288/00005537-197105000-00002', 'Binns P M, 1967, Trans Am Acad Ophthalmol Otolaryngol, V71, P665', 'BOONE P C, 1959, Acta Neurochir (Wien), V7, P221, DOI 10.1007/BF01405890', 'BOYLE WF, 1967, LARYNGOSCOPE, V77, P1168, DOI 10.1288/00005537-196707000-00009', 'BUNNELL S, 1952, AMA ARCH OTOLARYNGOL, V55, P417', 'DEVRIESE PP, 1972, ARCHIV OTOLARYNGOL, V95, P350', 'FISCH U, 1974, LARYNGOSCOPE, V84, P2141, DOI 10.1288/00005537-197412000-00005', 'GREER JA, 1974, ANN OTO RHINOL LARYN, V83, P582, DOI 10.1177/000348947408300503', 'GROVES J, 1973, P ROY SOC MED, V66, P545, DOI 10.1177/003591577306600625', 'POTTER J M, 1964, J Laryngol Otol, V78, P654, DOI 10.1017/S0022215100062563']",12,20,21,0,0,"LIPPINCOTT-RAVEN PUBL",PHILADELPHIA,"227 EAST WASHINGTON SQ, PHILADELPHIA, PA 19106",0023-852X,NULL,NULL,LARYNGOSCOPE,Laryngoscope,NULL,1977,87,3,NULL,NULL,NULL,NULL,380,390,NULL,10.1288/00005537-197703000-00011,NULL,NULL,11,"['Medicine, Research & Experimental', 'Otorhinolaryngology']","['Research & Experimental Medicine', 'Otorhinolaryngology']",CY646,WOS:A1977CY64600011,839932,Bronze,NULL,NULL,2021-06-18
10768,J,"['GOVONS, SR', 'GOVONS, RB', 'HEUSNER, WW', 'VANHUSS, WD']",NULL,NULL,NULL,"['GOVONS, SR', 'GOVONS, RB', 'HEUSNER, WW', 'VANHUSS, WD']",NULL,NULL,"BRAIN CONCUSSION IN RAT","EXPERIMENTAL NEUROLOGY",NULL,NULL,English,Article,NULL,NULL,NULL,NULL,NULL,NULL,NULL,NULL,NULL,NULL,NULL,NULL,NULL,NULL,NULL,"['Denny-Brown D, 1941, BRAIN, V64, P7', 'FOLTZ EL, 1956, J NEUROSURG, V13, P145, DOI 10.3171/jns.1956.13.2.0145', 'FRIEDE RL, 1961, ARCH NEUROL-CHICAGO, V4, P449, DOI 10.1001/archneur.1961.00450100097012', 'GOVONS SR, 1968, CONFIN NEUROL, V30, P77', 'GOVONS SR, 1971, AEROSPACE MED, V42, P421', 'GOVONS SR, 1947, J NEUROPATH EXP NEUR, V6, P95, DOI 10.1097/00005072-194702000-00008', 'GRANIT R, 1955, RECEPTORS SENSORY PE', 'Magnus R, 1926, LANCET, V2, P531', 'Magnus R, 1926, LANCET, V2, P585', 'MAGOUN HW, 1958, WAKING BRAIN', 'Roberts TDM, 1967, NEUROPHYSIOLOGY POST', 'Sherrington C, 1906, INTEGRATIVE ACTION N', 'SYMONDS CP, 1943, INJURIES SKULL BRAIN, P65', 'Walker AE, 1944, J NEUROSURG, V1, P103, DOI 10.3171/jns.1944.1.2.0103', 'WALKER AE, 1966, HEAD INJURY C P, P13', 'WARD AA, 1958, J NEUROSURG, V15, P129, DOI 10.3171/jns.1958.15.2.0129', 'Windle W. F., 1944, SURG GYNECOL AND OBSTET, V79, P561', 'WITKOWSKI L, 1877, VIRCHOWS ARCH, V69, P498', '1968, 1024 PUBL HEALTH SCI, P10']",19,20,20,0,0,"ACADEMIC PRESS INC","SAN DIEGO","525 B ST, STE 1900, SAN DIEGO, CA 92101-4495",0014-4886,NULL,NULL,"EXP NEUROL","Exp. Neurol.",NULL,1972,34,1,NULL,NULL,NULL,NULL,121,&,NULL,10.1016/0014-4886(72)90193-8,NULL,NULL,0,"['Neurosciences']","['Neurosciences & Neurology']",L5514,WOS:A1972L551400012,5009503,NULL,NULL,NULL,2021-06-18
11481,J,"['LYNCH, S', 'YARNELL, PR']",NULL,NULL,NULL,"['LYNCH, S', 'YARNELL, PR']",NULL,NULL,"RETROGRADE-AMNESIA - DELAYED FORGETTING AFTER CONCUSSION","AMERICAN JOURNAL OF PSYCHOLOGY",NULL,NULL,English,Article,NULL,NULL,NULL,NULL,NULL,NULL,NULL,NULL,"UNIV CALIF,DAVIS,CA 95616; UNIV COLORADO,BOULDER,CO 80304",NULL,NULL,NULL,NULL,NULL,NULL,"['MCGAUGH JL, 1966, SCIENCE, V153, P1351, DOI 10.1126/science.153.3742.1351']",1,19,19,0,1,"UNIV ILLINOIS PRESS",CHAMPAIGN,"1325 S OAK ST, CHAMPAIGN, IL 61820",0002-9556,NULL,NULL,"AM J PSYCHOL","Am. J. Psychol.",NULL,1973,86,3,NULL,NULL,NULL,NULL,643,645,NULL,10.2307/1421950,NULL,NULL,3,"['Psychology, Multidisciplinary']","['Psychology']",S1630,WOS:A1973S163000016,4780127,NULL,NULL,NULL,2021-06-18
12734,J,"['LINDSAY, JR', 'ZAJTCHUK, J']",NULL,NULL,NULL,"['LINDSAY, JR', 'ZAJTCHUK, J']",NULL,NULL,"FOWLER, E.P. MEMORIAL LECTURE - CONCUSSION OF INNER EAR","ANNALS OF OTOLOGY RHINOLOGY AND LARYNGOLOGY",NULL,NULL,English,Article,NULL,NULL,NULL,NULL,NULL,NULL,NULL,NULL,NULL,NULL,NULL,NULL,NULL,NULL,NULL,"['BRUNNER H, 1928, HDB NEUROLOGIE OHR 1, V2, P305', 'Fischer J, 1943, INNER EAR', 'KIMURA R, 1956, Ann Otol Rhinol Laryngol, V65, P620', 'Koch J, 1933, ARCH OHREN NASEN KEH, V137, P105', 'LINDSAY JR, UNPUBLISHED MATERIAL', 'Manasse P, 1924, BEITR Z ANAT PHYSIOL, V21, P230', 'NAGER FR, 1907, Z OHRENHEILK, V101, P217', 'SCHUKNECHT HF, 1951, ANN OTO RHINOL LARYN, V60, P273, DOI 10.1177/000348945106000201', 'Stenger P, 1909, ARCH OHRENH, V79, P43', 'STEURER O, HNDB SPEZ PATH ANAT, V12, P451', 'Theodore E, 1910, Z OHRENHEILKD, V61, P299', 'VOS O, 1933, ARCH OHRRN NASEN KEH, P137', 'Wittmaack K, 1932, ARCH OHREN NASEN KEH, V131, P59', 'WITTMAACK K, HNDB SPEZ PATH ANAT, V12, pC290']",14,18,18,0,0,"ANNALS PUBL CO","ST LOUIS","4507 LACLEDE AVE, ST LOUIS, MO 63108",0003-4894,NULL,NULL,"ANN OTO RHINOL LARYN","Ann. Otol. Rhinol. Laryngol.",NULL,1970,79,4,NULL,NULL,NULL,NULL,699,&,NULL,10.1177/000348947007900403,NULL,NULL,0,"['Otorhinolaryngology']","['Otorhinolaryngology']",H1275,WOS:A1970H127500002,5316676,NULL,NULL,NULL,2021-06-18
13542,J,"['SMITH, E']",NULL,NULL,NULL,"['SMITH, E']",NULL,NULL,"INFLUENCE OF SITE OF IMPACT ON COGNITIVE IMPAIRMENT PERSISTING LONG AFTER SEVERE CLOSED HEAD-INJURY","JOURNAL OF NEUROLOGY NEUROSURGERY AND PSYCHIATRY",NULL,NULL,English,Article,NULL,NULL,NULL,NULL,NULL,NULL,NULL,NULL,"NATL HOSP NERVOUS DIS,DEPT PSYCHOL MED,MAIDA VALE,LONDON,ENGLAND",NULL,NULL,NULL,NULL,NULL,NULL,"['Anderson C, 1942, LANCET, V2, P1', 'BAUGHAN B, 1973, PROGRAM GUMMA', 'Courville CB, 1942, ARCH SURG-CHICAGO, V45, P19, DOI 10.1001/archsurg.1942.01220010022002', 'DARLEY FL, 1967, BRAIN MECHANISMS UND', 'DENCKER SJ, 1958, ACTA PSYCHIATRI S122, V33', 'DENCKER SJ, 1958, ACTA PSYCHIATRI S123, V33', 'ELITHORN A, 1963, AM J PSYCHOL, V76, P506, DOI 10.2307/1419799', 'FAHY TJ, 1967, LANCET, V2, P475', 'Gurdjian ES, 1943, SURGERY, V13, P333', 'GURDJIAN ES, 1958, HEAD INJURIES MECHAN', 'HEILBRUN AB, 1956, J COMP PHYSIOL PSYCH, V49, P10, DOI 10.1037/h0040140', 'HEILMAN KM, 1971, J NEUROL NEUROSUR PS, V34, P265, DOI 10.1136/jnnp.34.3.265', 'HENDRICK EB, 1959, ARCH SURG-CHICAGO, V79, P362', 'Holbourn AHS, 1943, LANCET, V2, P438', 'KIMURA D, 1963, ARCH NEUROL-CHICAGO, V8, P264, DOI 10.1001/archneur.1963.00460030048004', 'LEWIN W, 1967, P ROY SOC MED, V60, P1208, DOI 10.1177/003591576706011P204', 'LEWIN W, 1965, BIOCHEMICAL ASPECTS', 'LINDENBERG R, 1960, ARCH PATHOL, V69, P440', 'LONDON P S, 1967, Annals of the Royal College of Surgeons of England, V41, P460', 'LURIA AR, 1971, 19 P INT C PSYCH LON, P37', 'MILLER H, 1965, LANCET, V1, P225', 'MILNER B, 1969, LATE EFFECTS HEAD IN', 'MILNER B, ANALYSIS BEHAVIORAL', 'Newcombe F., 1969, MISSILE WOUNDS BRAIN', 'NORRMAN B, 1961, ACTA PSYCHIAT SCAND, V37, P236, DOI 10.1111/j.1600-0447.1961.tb07359.x', 'OLDFIELD RC, 1965, Q J EXP PSYCHOL, V17, P273, DOI 10.1080/17470216508416445', 'REUSCH J, 1944, AM J PSYCHIAT, V100, P480', 'RICHARDSON F, 1963, DEV MED CHILD NEUROL, V5, P471', 'ROBERTSON RCL, 1955, J NEUROSURG, V12, P13, DOI 10.3171/jns.1955.12.1.0013', 'RUSSELL WR, 1961, ARCH NEUROL-CHICAGO, V5, P4, DOI 10.1001/archneur.1961.00450130006002', 'Russell WR, 1932, BRAIN, V55, P549, DOI 10.1093/brain/55.4.549', 'STRICH SJ, 1961, LANCET, V2, P443', 'Symonds CP, 1943, LANCET, V1, P7', 'TEUBER HL, 1969, LATE EFFECTS HEAD IN', 'Thorndike EL., 1944, TEACHERS WORD BOOK 3', 'TOW PM, 1955, PERSONALITY CHANGES', 'VIGNOLO LA, 1968, J LEARN DISABIL, V1, P230, DOI 10.1177/002221946800100402', 'Wechsler D, 1945, J PSYCHOL, V19, P87, DOI 10.1080/00223980.1945.9917223', 'Zangwill O., 1960, CEREBRAL DOMINANCE I']",39,17,18,0,4,"BRITISH MED JOURNAL PUBL GROUP",LONDON,"BRITISH MED ASSOC HOUSE, TAVISTOCK SQUARE, LONDON, ENGLAND WC1H 9JR",0022-3050,NULL,NULL,"J NEUROL NEUROSUR PS","J. Neurol. Neurosurg. Psychiatry",NULL,1974,37,6,NULL,NULL,NULL,NULL,719,726,NULL,10.1136/jnnp.37.6.719,NULL,NULL,8,"['Clinical Neurology', 'Psychiatry', 'Surgery']","['Neurosciences & Neurology', 'Psychiatry', 'Surgery']",T5214,WOS:A1974T521400018,4844139,"Green Published, Bronze",NULL,NULL,2021-06-18
13543,J,"['HEILBRUN, MP', 'RATCHESO.RA']",NULL,NULL,NULL,"['HEILBRUN, MP', 'RATCHESO.RA']",NULL,NULL,"MULTIPLE EXTRACRANIAL VESSEL INJURIES FOLLOWING CLOSED HEAD AND NECK TRAUMA - CASE REPORT","JOURNAL OF NEUROSURGERY",NULL,NULL,English,Article,NULL,NULL,NULL,NULL,NULL,NULL,NULL,NULL,NULL,NULL,NULL,NULL,NULL,NULL,NULL,"['CALDWELL HW, 1948, ANN INTERN MED, V28, P1132, DOI 10.7326/0003-4819-28-6-1132', 'CARPENTER S, 1961, J NEUROSURG, V18, P849, DOI 10.3171/jns.1961.18.6.0849', 'DAVIS DO, 1972, PERSONAL COMMUNICATI', 'GURDJIAN ES, 1963, J NEUROSURG, V20, P418, DOI 10.3171/jns.1963.20.5.0418', 'HOLLIN SA, 1966, J NEUROSURG, V25, P526, DOI 10.3171/jns.1966.25.5.0526', 'HOUCK WS, 1964, ANN SURG, V159, P219, DOI 10.1097/00000658-196402000-00006', 'MURRAY DS, 1957, BRIT J SURG, V44, P556, DOI 10.1002/bjs.18004418803', 'SCHNEIDER RC, 1952, J NEUROSURG, V9, P495, DOI 10.3171/jns.1952.9.5.0495', 'SIMEONE FA, 1968, J NEUROSURG, V29, P540, DOI 10.3171/jns.1968.29.5.0540', 'TAVERAS J, 1972, PERSONAL COMMUNICATI', 'THOMSON JLG, 1963, BRIT J RADIOL, V36, P840, DOI 10.1259/0007-1285-36-431-840']",11,17,17,0,0,"AMER ASSOC NEUROLOGICAL SURGEONS",CHARLOTTESVILLE,"UNIV VIRGINIA, 1224 WEST MAIN ST, STE 450, CHARLOTTESVILLE, VA 22903",0022-3085,NULL,NULL,"J NEUROSURG","J. Neurosurg.",NULL,1972,37,2,NULL,NULL,NULL,NULL,219,&,NULL,10.3171/jns.1972.37.2.0219,NULL,NULL,0,"['Clinical Neurology', 'Surgery']","['Neurosciences & Neurology', 'Surgery']",N2351,WOS:A1972N235100015,4558254,NULL,NULL,NULL,2021-06-18
14360,J,"['FROEDE, RC', 'LINDSEY, D', 'STEINBRONN, K']",NULL,NULL,NULL,"['FROEDE, RC', 'LINDSEY, D', 'STEINBRONN, K']",NULL,NULL,"SUDDEN UNEXPECTED DEATH FROM CARDIAC CONCUSSION (COMMOTIO CORDIS) WITH UNUSUAL LEGAL COMPLICATIONS","JOURNAL OF FORENSIC SCIENCES",NULL,NULL,English,Article,NULL,NULL,NULL,NULL,NULL,NULL,NULL,NULL,NULL,"FROEDE, RC (corresponding author), UNIV ARIZONA,COLL MED,DEPT PATHOL,TUCSON,AZ 85724, USA.",NULL,NULL,NULL,NULL,NULL,NULL,0,16,16,0,1,"AMER SOC TESTING MATERIALS","W CONSHOHOCKEN","100 BARR HARBOR DR, W CONSHOHOCKEN, PA 19428-2959",0022-1198,NULL,NULL,"J FORENSIC SCI","J. Forensic Sci.",NULL,1979,24,4,NULL,NULL,NULL,NULL,752,756,NULL,NULL,NULL,NULL,5,"['Medicine, Legal']","['Legal Medicine']",HR364,WOS:A1979HR36400006,541638,NULL,NULL,NULL,2021-06-18
15236,J,"['RICHARDSON, JTE']",NULL,NULL,NULL,"['RICHARDSON, JTE']",NULL,NULL,"MENTAL-IMAGERY, HUMAN-MEMORY, AND THE EFFECTS OF CLOSED HEAD-INJURY","BRITISH JOURNAL OF SOCIAL AND CLINICAL PSYCHOLOGY",NULL,NULL,English,Article,NULL,NULL,NULL,NULL,NULL,NULL,NULL,NULL,NULL,"RICHARDSON, JTE (corresponding author), BRUNEL UNIV,DEPT PSYCHOL,UXBRIDGE UB8 3PH,MIDDLESEX,ENGLAND.",NULL,NULL,"['Richardson, John/0000-0002-6267-0603']",NULL,NULL,"['BADDELEY AD, 1970, J VERB LEARN VERB BE, V9, P176, DOI 10.1016/S0022-5371(70)80048-2', 'BADDELEY AD, 1973, NEUROPSYCHOLOGIA, V11, P159, DOI 10.1016/0028-3932(73)90003-1', 'BLACK FW, 1973, J CLIN PSYCHOL, V29, P441', 'BROOKS D N, 1975, Cortex, V11, P329', 'BROOKS DN, 1976, J NEUROL NEUROSUR PS, V39, P593, DOI 10.1136/jnnp.39.6.593', 'BROOKS DN, 1974, J NEUROL NEUROSUR PS, V37, P794, DOI 10.1136/jnnp.37.7.794', 'BROOKS DN, 1972, J NERV MENT DIS, V155, P350', 'CLARK HH, 1973, J VERB LEARN VERB BE, V12, P335, DOI 10.1016/S0022-5371(73)80014-3', 'CONKEY RC, 1938, ARCH PSYCHOLOGY, V33', 'Courville CB, 1942, ARCH SURG-CHICAGO, V45, P19, DOI 10.1001/archsurg.1942.01220010022002', 'FODOR IE, 1972, J NEUROL NEUROSUR PS, V35, P818, DOI 10.1136/jnnp.35.6.818', 'GLANZER M, 1966, J VERB LEARN VERB BE, V5, P351, DOI 10.1016/S0022-5371(66)80044-0', 'GOLDSTEIN K, 1948, LANGUAGE LANGUAGE DI', 'GROHER M, 1977, J SPEECH HEAR RES, V20, P212, DOI 10.1044/jshr.2002.212', 'GRONWALL, 1974, LANCET, V2, P605', 'Gurdjian ES, 1943, SURGERY, V13, P333', 'JAMIESON KG, 1971, FIRST NOTEBOOK HEAD', 'JONES MK, 1974, NEUROPSYCHOLOGIA, V12, P21, DOI 10.1016/0028-3932(74)90023-2', 'LEVIN HS, 1976, CORTEX, V12, P175, DOI 10.1016/S0010-9452(76)80021-4', 'MAHER B, 1974, J CONSULT CLIN PSYCH, V42, P1', 'MANDLEBERG IA, 1976, J NEUROL NEUROSUR PS, V39, P1001, DOI 10.1136/jnnp.39.10.1001', 'MANDLEBERG IA, 1975, J NEUROL NEUROSUR PS, V38, P1127, DOI 10.1136/jnnp.38.11.1127', 'MANDLEBERG IA, 1975, J NEUROL NEUROSUR PS, V38, P1121, DOI 10.1136/jnnp.38.11.1121', 'MILNER B, 1971, BRIT MED BULL, V27, P272, DOI 10.1093/oxfordjournals.bmb.a070866', 'OMMAYA AK, 1974, BRAIN, V97, P633, DOI 10.1093/brain/97.1.633', 'OMMAYA AK, 1976, HEAD INJURIES', 'PAIVIO A, 1972, FUNCTION NATURE IMAG', 'PAIVIO A, 1968, J EXPT PSYCHOLOGY  2, V76', 'Paivio A., 1971, IMAGERY VERBAL PROCE', 'PARKER SA, 1976, ACTA NEUROCHIR, V34, P71, DOI 10.1007/BF01405864', 'RICHARDSON JT, 1974, J VERB LEARN VERB BE, V13, P709, DOI 10.1016/S0022-5371(74)80057-5', 'RICHARDSON JTE, 1978, BRIT J SOC CLIN PSYC, V17, P261, DOI 10.1111/j.2044-8260.1978.tb00276.x', 'RICHARDSON JTE, 1975, BRIT J MATH STAT PSY, V28, P235', 'RICHARDSON JTE, 1978, Q J EXP PSYCHOL, V30, P471, DOI 10.1080/00335557843000061', 'RICHARDSON JTE, 1976, BRIT J PSYCHOL, V67, P487, DOI 10.1111/j.2044-8295.1976.tb01537.x', 'Ruesch J, 1944, AM J PSYCHIAT, V100, P480, DOI 10.1176/ajp.100.4.480', 'Russell WR, 1932, BRAIN, V55, P549, DOI 10.1093/brain/55.4.549', 'RUTHERFORD WH, 1977, LANCET, V1, P1', 'THOMSEN IV, 1977, SCAND J REHABIL MED, V9, P73', 'Thorndike EL., 1944, TEACHERS WORD BOOK 3', '*UK OFF POP CENS S, 1970, 1970 CLASS OCC']",41,15,15,0,0,"BRITISH PSYCHOLOGICAL SOC",LEICESTER,"ST ANDREWS HOUSE, 48 PRINCESS RD EAST, LEICESTER, LEICS, ENGLAND LE1 7DR",0007-1293,NULL,NULL,"BRIT J SOC CLIN PSYC",NULL,NULL,1979,18,SEP,NULL,NULL,NULL,NULL,319,327,NULL,10.1111/j.2044-8260.1979.tb00342.x,NULL,NULL,9,"['Psychology, Clinical', 'Psychology', 'Psychology, Social']","['Psychology']",HM221,WOS:A1979HM22100007,519141,NULL,NULL,NULL,2021-06-18
16162,J,"['BECKER, B']",NULL,NULL,NULL,"['BECKER, B']",NULL,NULL,"INTELLECTUAL CHANGES AFTER CLOSED HEAD-INJURY","JOURNAL OF CLINICAL PSYCHOLOGY",NULL,NULL,English,Article,NULL,NULL,NULL,NULL,NULL,NULL,NULL,NULL,"USN,MED CTR,PSYCHOL DEPT,BETHESDA,MD 20014",NULL,NULL,NULL,NULL,NULL,NULL,"['HOTELLING H, 1951, 2 P BERK S MATH STAT, V23', 'Matarazzo JD, 1972, WECHSLERS MEASUREMEN']",2,14,14,0,0,"CLINICAL PSYCHOLOGY PUBL CO",BRANDON,"4 CONANT SQUARE, BRANDON, VT 05733",0021-9762,NULL,NULL,"J CLIN PSYCHOL","J. Clin. Psychol.",NULL,1975,31,2,NULL,NULL,NULL,NULL,307,309,NULL,10.1002/1097-4679(197504)31:2<307::AID-JCLP2270310231>3.0.CO;2-Y,NULL,NULL,3,"['Psychology, Clinical']","['Psychology']",AA380,WOS:A1975AA38000030,1133197,NULL,NULL,NULL,2021-06-18
16163,J,"['GRUBB, RL', 'NAUMANN, RA', 'OMMAYA, AK']",NULL,NULL,NULL,"['GRUBB, RL', 'NAUMANN, RA', 'OMMAYA, AK']",NULL,NULL,"RESPIRATION AND CEREBROSPINAL FLUID IN EXPERIMENTAL CEREBRAL CONCUSSION","JOURNAL OF NEUROSURGERY",NULL,NULL,English,Article,NULL,NULL,NULL,NULL,NULL,NULL,NULL,NULL,NULL,NULL,NULL,NULL,NULL,NULL,NULL,"['COOK AW, 1961, J NEUROSURG, V18, P366, DOI 10.3171/jns.1961.18.3.0366', 'DUCKER TB, 1968, J NEUROSURG, V28, P118, DOI 10.3171/jns.1968.28.2.0118', 'DUCKER TB, 1968, J NEUROSURG, V28, P112, DOI 10.3171/jns.1968.28.2.0112', 'DUCKER TB, 1968, J NEUROSURG, V29, P475, DOI 10.3171/jns.1968.29.5.0475', 'FAAS FH, 1968, J NEUROSURG, V28, P137, DOI 10.3171/jns.1968.28.2.0137', 'Flamm E S, 1966, Surg Forum, V17, P414', 'FORMAN C, 1968, BR J ANAESTH, V40, P354', 'HUANG CT, 1963, ARCH NEUROL-CHICAGO, V9, P545, DOI 10.1001/archneur.1963.00460110113012', 'INGVAR DM, 1968, SCAND J CLIN LA S102, V22', 'LUNDBERG N, 1959, Acta Psychiatr Scand Suppl, V34, P1', 'MACIVER IN, 1968, LANCET, V1, P390', 'MOODY RA, 1969, J NEUROSURG, V30, P482, DOI 10.3171/jns.1969.30.4.0482', 'NAERAA N, 1963, ACTA ANAESTH SCAND, V7, P191, DOI 10.1111/j.1399-6576.1963.tb00219.x', 'NAUMANN RA, IN PRESS', 'Ommaya A K, 1966, Ann R Coll Surg Engl, V39, P317', 'OMMAYA AK, 1964, J NEUROSURG, V21, P249, DOI 10.3171/jns.1964.21.4.0249', 'OMMAYA AK, 1966, HEAD INJURY C P', 'OMMAYA AK, 1968 P INT C ACC PAT', 'PLUM F, 1959, ARCH NEURO PSYCHIATR, V81, P535, DOI 10.1001/archneurpsyc.1959.02340170001001', 'SCHNEDORF JG, 1940, SURG GYNECOL OBSTET, V70, P628', 'SIMMONS RL, 1968, J TRAUM, V8, P800, DOI 10.1097/00005373-196809000-00023', 'SIRIS JH, 1962, NEW YORK STATE J MED, V62, P1440', 'SWANN HE, 1960, ARCH PATHOL, V69, P557', 'YARNELL P, 1967, J NEUROSURG, V27, P515, DOI 10.3171/jns.1967.27.6.0515']",24,14,14,0,1,"AMER ASSOC NEUROLOGICAL SURGEONS",CHARLOTTESVILLE,"UNIV VIRGINIA, 1224 WEST MAIN ST, STE 450, CHARLOTTESVILLE, VA 22903",0022-3085,NULL,NULL,"J NEUROSURG","J. Neurosurg.",NULL,1970,32,3,NULL,NULL,NULL,NULL,320,&,NULL,10.3171/jns.1970.32.3.0320,NULL,NULL,0,"['Clinical Neurology', 'Surgery']","['Neurosciences & Neurology', 'Surgery']",F3720,WOS:A1970F372000008,4984664,NULL,NULL,NULL,2021-06-18
17153,J,"['LEVIN, HS', 'GROSSMAN, RG', 'KELLY, PJ']",NULL,NULL,NULL,"['LEVIN, HS', 'GROSSMAN, RG', 'KELLY, PJ']",NULL,NULL,"IMPAIRMENT OF FACIAL RECOGNITION AFTER CLOSED HEAD-INJURIES OF VARYING SEVERITY",CORTEX,NULL,NULL,English,Article,NULL,NULL,NULL,NULL,NULL,NULL,NULL,NULL,"UNIV TEXAS,MED BRANCH,DEPT SURG,DIV NEUROSURG,GALVESTON,TX 77550",NULL,NULL,NULL,NULL,"NINDS NIH HHSUnited States Department of Health & Human ServicesNational Institutes of Health (NIH) - USANIH National Institute of Neurological Disorders & Stroke (NINDS) [2P01 NS 07377-06] Funding Source: Medline",NULL,"['Benton A., 1968, CORTEX, V4, P344, DOI DOI 10.1016/S0010-9452(68)80018-8', 'BENTON AL, 1969, J NEUROL SCI, V9, P39, DOI 10.1016/0022-510X(69)90057-4', 'BENTON AL, 1964, J NERV MENT DIS, V139, P110, DOI 10.1097/00005053-196408000-00003', 'BROOKS DN, 1974, J NEUROL NEUROSUR PS, V37, P794, DOI 10.1136/jnnp.37.7.794', 'DERENZI E, 1966, NEUROLOGY, V16, P145, DOI 10.1212/WNL.16.2_Part_1.145', 'Klove H, 1972, Scand J Rehabil Med, V4, P55', 'LEVIN HS, 1975, J PSYCHOL, V91, P223, DOI 10.1080/00223980.1975.9923946', 'LEVIN HS, 1976, CORTEX, V12, P175, DOI 10.1016/S0010-9452(76)80021-4', 'OMMAYA AK, 1974, BRAIN, V97, P633, DOI 10.1093/brain/97.1.633', 'Ruesch J, 1944, AM J PSYCHIAT, V100, P480, DOI 10.1176/ajp.100.4.480', 'SPREEN O, 1966, MANUAL NEUROSENSORY', 'Warrington E. K., 1967, CORTEX, V3, P317, DOI [DOI 10.1016/S0010-9452(67)80020-0, 10.1016/S0010-9452(67)80020-0]']",12,13,13,0,0,"MASSON DIVISIONE PERIODICI",MILAN,"VIA FRATELLI BRESSAN 2, 20126 MILAN, ITALY",0010-9452,NULL,NULL,CORTEX,Cortex,NULL,1977,13,2,NULL,NULL,NULL,NULL,119,130,NULL,10.1016/S0010-9452(77)80003-8,NULL,NULL,12,"['Behavioral Sciences', 'Neurosciences', 'Psychology, Experimental']","['Behavioral Sciences', 'Neurosciences & Neurology', 'Psychology']",DN815,WOS:A1977DN81500002,16295956,NULL,NULL,NULL,2021-06-18
18754,J,"['ROBINSON, RG', 'GWYNNE, JF']",NULL,NULL,NULL,"['ROBINSON, RG', 'GWYNNE, JF']",NULL,NULL,"BILATERAL INTERNAL CAROTID-ARTERY THROMBOSIS AFTER CLOSED HEAD-INJURY","ACTA NEUROCHIRURGICA",NULL,NULL,English,Article,NULL,NULL,NULL,NULL,NULL,NULL,NULL,NULL,"UNIV OTAGO,SCH MED,DEPT PATHOL,DUNEDIN,NEW ZEALAND","ROBINSON, RG (corresponding author), UNIV OTAGO,SCH MED,DEPT SURG,NEUROSURG UNIT,DUNEDIN,NEW ZEALAND.",NULL,NULL,NULL,NULL,NULL,"['ADAMS WE, 1958, COMP MORPHOLOGY CARO', 'BAUER RB, 1969, J AMER MED ASSOC, V208, P509, DOI 10.1001/jama.208.3.509', 'BERGAN F, 1963, J CARDIOVASC SURG, V4, P300', 'BLAAUW G, 1976, HDB CLIN NEUROLOGY 2, V26, P43', 'BLAISDELL WF, 1969, J AMER MED ASSOC, V209, P1889, DOI 10.1001/jama.209.12.1889', 'BOLDREY E, 1956, J NEUROSURG, V13, P127, DOI 10.3171/jns.1956.13.2.0127', 'Boyd JD., 1937, ANAT ANZEIGER, V84, P386', 'DINNING TAR, 1976, I NEUROL MADRAS P, V6, P239', 'FLEMING JFR, 1968, CAN J SURG, V11, P166', 'GARG AG, 1968, BRIT J SURG, V55, P4, DOI 10.1002/bjs.1800550103', 'MURATORI D, 1966, ANAT ANZEIGER, V119, P466', 'SCHOTER I, 1975, ADV NEUROSURGERY, V3, P401', 'TOWNE JB, 1972, ARCH SURG-CHICAGO, V104, P565', 'YAMADA S, 1967, J TRAUM, V7, P333, DOI 10.1097/00005373-196705000-00001', 'YASHON D, 1964, J NEUROL NEUROSUR PS, V27, P547, DOI 10.1136/jnnp.27.6.547', 'YATES PO, 1961, 300 MED RES COUN SPE']",16,12,12,0,1,"SPRINGER-VERLAG WIEN",VIENNA,"SACHSENPLATZ 4-6, PO BOX 89, A-1201 VIENNA, AUSTRIA",0001-6268,NULL,NULL,"ACTA NEUROCHIR","Acta Neurochir.",NULL,1978,44,1-2,NULL,NULL,NULL,NULL,137,142,NULL,10.1007/BF01401637,NULL,NULL,6,"['Clinical Neurology', 'Surgery']","['Neurosciences & Neurology', 'Surgery']",FY825,WOS:A1978FY82500010,726960,NULL,NULL,NULL,2021-06-18
18755,J,"['EDVINSSON, L', 'OWMAN, C', 'ROSENGREN, E', 'WEST, KA']",NULL,NULL,NULL,"['EDVINSSON, L', 'OWMAN, C', 'ROSENGREN, E', 'WEST, KA']",NULL,NULL,"BRAIN CONCENTRATIONS OF DOPAMINE, NORADRENALINE, 5-HYDROXYTRYPTAMINE, AND HOMOVANILLIC ACID DURING INTRACRANIAL HYPERTENSION FOLLOWING TRAUMATIC BRAIN INJURY IN RABBIT","ACTA NEUROLOGICA SCANDINAVICA",NULL,NULL,English,Article,NULL,NULL,NULL,NULL,NULL,NULL,NULL,NULL,NULL,NULL,NULL,NULL,"['Edvinsson, Lars/0000-0002-1805-1346']",NULL,NULL,"['ANDEN NE, 1966, ACTA PHYSIOL SCAND, V67, P313, DOI 10.1111/j.1748-1716.1966.tb03318.x', 'ANDEN NE, 1963, LIFE SCI, P448', 'BERTLER A, 1961, ACTA PHYSIOL SCAND, V51, P75, DOI 10.1111/j.1748-1716.1961.tb02115.x', 'BERTLER AKE, 1958, K FYSIOGR SALLSKAPETS I LUND FORHANDL, V28, P121', 'BOGDANSKI DF, 1956, J PHARMACOL EXP THER, V117, P82', 'EDVINSSON L, IN PRESS', 'HAGGENDAL J, 1963, ACTA PHYSIOL SCAND, V59, P242, DOI 10.1111/j.1748-1716.1963.tb02739.x', 'OWMAN C, 1970, BRAIN RES, V18, P469, DOI 10.1016/0006-8993(70)90130-7', 'OWMAN C, IN PRESS']",9,12,12,0,1,WILEY,HOBOKEN,"111 RIVER ST, HOBOKEN 07030-5774, NJ USA",0001-6314,1600-0404,NULL,"ACTA NEUROL SCAND","Acta Neurol. Scand.",NULL,1971,47,4,NULL,NULL,NULL,NULL,458,+,NULL,10.1111/j.1600-0404.1971.tb07500.x,NULL,NULL,1,"['Clinical Neurology']","['Neurosciences & Neurology']",K2750,WOS:A1971K275000007,5123487,NULL,NULL,NULL,2021-06-18
18756,J,"['OLSSON, Y', 'RINDER, L', 'LINDGREN, S', 'STALHAMMAR, D']",NULL,NULL,NULL,"['OLSSON, Y', 'RINDER, L', 'LINDGREN, S', 'STALHAMMAR, D']",NULL,NULL,"STUDIES ON VASCULAR PERMEABILITY CHANGES IN EXPERIMENTAL BRAIN CONCUSSION .3. COMPARISON BETWEEN EFFECTS OF SINGLE AND REPEATED SUDDEN MECHANICAL LOADING OF BRAIN","ACTA NEUROPATHOLOGICA",NULL,NULL,English,Article,NULL,NULL,NULL,NULL,NULL,NULL,NULL,NULL,NULL,NULL,NULL,NULL,NULL,NULL,NULL,"['COURVILLE CB, 1953, COMMOTIO CEREBRI', 'Denny-Brown D, 1941, BRAIN, V64, P93, DOI 10.1093/brain/64.2-3.93', 'GURDJIAN ES, 1955, SURG GYNECOL OBSTET, V101, P680', 'GUTH L, 1968, EXP NEUROL, V22, P590, DOI 10.1016/0014-4886(68)90151-9', 'HAMBERGER A, 1966, Z ZELLFORSCH MIK ANA, V70, P386, DOI 10.1007/BF00336504', 'HOGDSON VR, 1968, THESIS WAYNE STATE U', 'LINDGREN S, 1969, ACTA PHYSIOL SCAND, V76, P340, DOI 10.1111/j.1748-1716.1969.tb04477.x', 'Ommaya A K, 1966, Ann R Coll Surg Engl, V39, P317', 'PAYNE EE, 1968, NEUROCHIRURGIA, V11, P173', 'RINDER L, 1969, ACTA PHYSIOL SCAND, V76, P352, DOI 10.1111/j.1748-1716.1969.tb04478.x', 'RINDER L, 1968, ACTA NEUROPATHOL, V11, P201', 'RINDER L, 1968, ACTA NEUROPATHOL, V11, P183', 'SPILLANE JD, 1962, BRIT MED J, P1205', 'STEINWALL O, 1965, ACTA NEUROL SCAN S13, pR31', 'UNTERHARNSCHEIDT F, 1971, FORTSCHR NEUROL P I, V39, P109', 'Unterharnscheidt F, 1963, GEDECKTEN SCHADEN GE', 'Windle W. F., 1944, SURG GYNECOL AND OBSTET, V79, P561']",17,12,12,0,1,SPRINGER,"NEW YORK","233 SPRING ST, NEW YORK, NY 10013 USA",0001-6322,1432-0533,NULL,"ACTA NEUROPATHOL","Acta Neuropathol.",NULL,1971,19,3,NULL,NULL,NULL,NULL,225,+,NULL,10.1007/BF00684599,NULL,NULL,1,"['Clinical Neurology', 'Neurosciences', 'Pathology']","['Neurosciences & Neurology', 'Pathology']",L1513,WOS:A1971L151300005,5134158,NULL,NULL,NULL,2021-06-18
19975,J,"['PARKINSON, D']",NULL,NULL,NULL,"['PARKINSON, D']",NULL,NULL,CONCUSSION,"MAYO CLINIC PROCEEDINGS",NULL,NULL,English,Article,NULL,NULL,NULL,NULL,NULL,NULL,NULL,NULL,"UNIV MANITOBA,WINNIPEG R3T 2N2,MANITOBA,CANADA",NULL,NULL,NULL,NULL,NULL,NULL,"['BERTRAND C, 1951, CAN MED ASSOC J, V65, P225', 'CHASON JL, 1966, J TRAUM, V6, P767, DOI 10.1097/00005373-196611000-00008', 'COURVILLE CB, 1953, COMMOTIO CEREBRI CER', 'DENKER PG, 1954, NEUROLOGY, V4, P912, DOI 10.1212/WNL.4.12.912', 'FISHER CM, 1966, NEUROLOGY, V16, P826, DOI 10.1212/WNL.16.8.826', 'FULTON JF, 1943, PHYSIOLOGY NERVOUS S', 'GRONWALL, 1974, LANCET, V2, P605', 'HUSSEY HH, 1976, JAMA-J AM MED ASSOC, V236, P485', 'INCH T, 1951, BOXING BEGINNERS NOV', 'JENNETT B, COMMUNICATION', 'KAPLAN HA, 1954, JAMA-J AM MED ASSOC, V156, P1138, DOI 10.1001/jama.1954.02950120012004', 'Martland HS, 1928, J AMER MED ASSOC, V91, P1103, DOI 10.1001/jama.1928.02700150029009', 'OMMAYA A K, 1971, International Journal of Neuroscience, V1, P371, DOI 10.3109/00207457109146986', 'PUDENZ RH, 1946, J NEUROSURG, V3, P487, DOI 10.3171/jns.1946.3.6.0487', 'RICHARDSON JC, 1951, CAN MED ASSOC J, V64, P414', 'Sherrington C. S., 1947, INTEGRATIVE ACTION N', 'VORIS HC, 1950, AM J SURG, V80, P707, DOI 10.1016/0002-9610(50)90595-2', '1976, LANCET, V1, P401']",18,11,11,0,0,"MAYO CLINIC PROCEEDINGS",ROCHESTER,"660 SIEBENS BLDG MAYO CLINIC, ROCHESTER, MN 55905",0025-6196,NULL,NULL,"MAYO CLIN PROC","Mayo Clin. Proc.",NULL,1977,52,8,NULL,NULL,NULL,NULL,492,496,NULL,NULL,NULL,NULL,5,"['Medicine, General & Internal']","['General & Internal Medicine']",DQ768,WOS:A1977DQ76800003,881900,NULL,NULL,NULL,2021-06-18
19976,J,"['RABOW, L', 'TIBBLING, G']",NULL,NULL,NULL,"['RABOW, L', 'TIBBLING, G']",NULL,NULL,"SERUM ACTIVITIES OF HYDROXYBUTYRATE DEHYDROGENASE (HBD) AND ISOENZYMES OF LACTATE-DEHYDROGENASE (LD) AS AN INDEX OF TRAUMATIC BRAIN INJURY","ACTA NEUROCHIRURGICA",NULL,NULL,English,Article,NULL,NULL,NULL,NULL,NULL,NULL,NULL,NULL,"LINKOPING UNIV,DEPT NEUROSURG,LINKOPING,SWEDEN; LINKOPING UNIV,DEPT CLIN CHEM,LINKOPING,SWEDEN",NULL,NULL,NULL,NULL,NULL,NULL,"['DAWSON DM, 1969, ANN INTERN MED, V70, P799, DOI 10.7326/0003-4819-70-4-799', 'DUBACH UC, 1965, DEUT MED WOCHENSCHR, V90, P1429, DOI 10.1055/s-0028-1113351', 'Freedland R A, 1970, Adv Vet Sci Comp Med, V14, P61', 'Gurdjian E S, 1972, Clin Neurosurg, V19, P1', 'JOHANSSON BG, 1972, SCAND J CLIN LAB INV, V29, P7, DOI 10.3109/00365517209102747', 'KOWALEWSKI SL, 1972, ISOENZYME LACTATDEHY', 'KOWALEWSKI SL, 1969, THESIS BONN', 'KVAMME E, 1962, SCAND J CLIN LAB INV, V14, P453, DOI 10.3109/00365516209051262', 'Lindblom U, 1972, Scand J Rehabil Med, V4, P61', 'Lindblom U, 1967, Nord Med, V77, P337', 'PFLEIDERER G, 1961, BIOCHEM Z, V334, P185', 'Rabow L, 1972, Scand J Rehabil Med, V4, P90', 'RABOW L, 1975, ACTA NEUROCHIR, V32, P199, DOI 10.1007/BF01405453', 'RABOW L, 1977, ACTA NEUROCHIR, V36, P61, DOI 10.1007/BF01405987', 'RABOW L, 1971, ACTA CHIR SCAND, V137, P1240', 'WILKINSON JH, 1970, ISOENZYMES', 'WILKINSON JH, 1975, METHODS ENZYMATIC AN', 'WROBLEWSKI F, 1961, ANN NY ACAD SCI, V94, P912, DOI 10.1111/j.1749-6632.1961.tb35584.x', 'WROBLEWSKI F, 1955, P SOC EXP BIOL MED, V90, P210', 'ZONDAG HA, 1967, DETERMINATION DIAGNO']",20,11,11,0,0,"SPRINGER-VERLAG WIEN",VIENNA,"SACHSENPLATZ 4-6, PO BOX 89, A-1201 VIENNA, AUSTRIA",0001-6268,NULL,NULL,"ACTA NEUROCHIR","Acta Neurochir.",NULL,1977,37,3-4,NULL,NULL,NULL,NULL,245,261,NULL,10.1007/BF01402129,NULL,NULL,17,"['Clinical Neurology', 'Surgery']","['Neurosciences & Neurology', 'Surgery']",DL773,WOS:A1977DL77300005,906904,NULL,NULL,NULL,2021-06-18
19977,J,"['BLACK, FW']",NULL,NULL,NULL,"['BLACK, FW']",NULL,NULL,"COGNITIVE AND MEMORY PERFORMANCE IN SUBJECTS WITH BRAIN-DAMAGE SECONDARY TO PENETRATING MISSILE WOUNDS AND CLOSED HEAD-INJURY","JOURNAL OF CLINICAL PSYCHOLOGY",NULL,NULL,English,Article,NULL,NULL,NULL,NULL,NULL,NULL,NULL,NULL,"FITZSIMONS ARMY MED CTR,DENVER,CO 80240",NULL,NULL,NULL,NULL,NULL,NULL,"['GOLDSTEIN K, 1948, AFTEREFFECTS BRAIN I', 'GRAHAM FK, 1960, PERCEPT MOT SKILL S2', 'KORMAN CD, 1963, J CONSULT PSYCHOL, V27, P303', 'RUSSELL WR, 1951, J NEUROL NEUROSUR PS, V14, P35, DOI 10.1136/jnnp.14.1.35', 'SIMPSON CD, 1971, J CLIN PSYCHOL, V27, P204, DOI 10.1002/1097-4679(197104)27:2<204::AID-JCLP2270270214>3.0.CO', '2-9']",5,11,11,0,0,"JOHN WILEY & SONS INC","NEW YORK","605 THIRD AVE, NEW YORK, NY 10158-0012",0021-9762,NULL,NULL,"J CLIN PSYCHOL","J. Clin. Psychol.",NULL,1973,29,4,NULL,NULL,NULL,NULL,441,442,NULL,NULL,NULL,NULL,2,"['Psychology, Clinical']","['Psychology']",R3598,WOS:A1973R359800012,4766716,NULL,NULL,NULL,2021-06-18
19978,J,"['GORDON, E']",NULL,NULL,NULL,"['GORDON, E']",NULL,NULL,"SOME CORRELATIONS BETWEEN CLINICAL OUTCOME AND ACID-BASE STATUS OF BLOOD AND CEREBROSPINAL FLUID IN PATIENTS WITH TRAUMATIC BRAIN INJURY","ACTA ANAESTHESIOLOGICA SCANDINAVICA",NULL,NULL,English,Article,NULL,NULL,NULL,NULL,NULL,NULL,NULL,NULL,NULL,NULL,NULL,NULL,NULL,NULL,NULL,"['Baldy-Moulmier M, 1969, CEREBRAL BLOOD FLOW, P216', 'CAMPAN L, 1968, ANN ANESTH FRANC, V9, P4', 'COTEV S, 1969, ANESTH ANALG, V48, P1', 'FIESCHI C, 1968, NEUROLOGY, V18, P12', 'FIESCHI C, 1969, CEREBRAL BLOOD FLOW, P120', 'FROMAN C, 1968, BRIT J ANAESTH, V40, P354, DOI 10.1093/bja/40.5.354', 'FROWEIN R A, 1964, Zentralbl Neurochir, V25, P39', 'FROWEIN R A, 1968, Acta Neurochirurgica, V19, P1, DOI 10.1007/BF01402409', 'GORDON E, 1970, ACTA ANAESTH SCAND, V14, P97, DOI 10.1111/j.1399-6576.1970.tb00763.x', 'GORDON E, 1968, ACTA ANAESTH SCAND, V12, P51, DOI 10.1111/j.1399-6576.1968.tb00411.x', 'GORDON E, 1971, ACTA ANAESTH SCAND, V15, P193, DOI 10.1111/j.1399-6576.1971.tb05461.x', 'GRUNERT V, 1969, NEURO-CHIR, V15, P275', 'LASSEN NA, 1961, EXPERIENTIA, V17, P42, DOI 10.1007/BF02157946', 'LASSEN NA, 1969, CEREBRAL BLOOD FLOW, P278', 'Lassen NA, 1968, SCAND J CLIN LA S102, pXIII', 'Lassen NA, 1969, CEREBRAL BLOOD FLOW, P117', 'PLUM F, 1959, ARCH NEURO PSYCHIATR, V81, P535, DOI 10.1001/archneurpsyc.1959.02340170001001', 'ROSSANDA M, 1970, ACTA ANAESTH SCAND, V14, P173, DOI 10.1111/j.1399-6576.1970.tb00963.x', 'STEINBEREITHNER K, 1967, KLIN WOCHENSCHR, V45, P126, DOI 10.1007/BF01725067', 'WOLLMAN H, 1969, CEREBRAL BLOOD FLOW, P273']",20,11,11,0,0,"MUNKSGAARD INT PUBL LTD",COPENHAGEN,"35 NORRE SOGADE, PO BOX 2148, DK-1016 COPENHAGEN, DENMARK",0001-5172,NULL,NULL,"ACTA ANAESTH SCAND","Acta Anaesthesiol. Scand.",NULL,1971,15,3,NULL,NULL,NULL,NULL,209,&,NULL,10.1111/j.1399-6576.1971.tb05462.x,NULL,NULL,0,"['Anesthesiology']","['Anesthesiology']",K5975,WOS:A1971K597500006,5120956,NULL,NULL,NULL,2021-06-18
